graph_num,val_roc,val_ap,test_roc,test_ap
846,1,1,0.6,0.5629
842,1,1,0.5556,0.5889
841,0,0.5,0,0.4167
840,0,0.5,0,0.4167
839,0,0.5,0,0.4167
838,0,0.5,0,0.4167
837,0,0.5,0,0.4167
836,0,0.5,0,0.4167
835,0,0.5,0,0.4167
834,0,0.5,0,0.4167
833,0,0.5,0,0.4167
832,0,0.5,0,0.4167
831,0,0.5,0,0.4167
830,0,0.5,0,0.4167
829,0,0.5,0,0.4167
828,0,0.5,0,0.4167
827,0,0.5,0,0.4167
826,0,0.5,0,0.4167
825,0,0.5,0,0.4167
824,0,0.5,0,0.4167
823,0,0.5,0,0.4167
822,0,0.5,0,0.4167
821,0,0.5,0,0.4167
820,0,0.5,0,0.4167
819,0,0.5,0,0.4167
818,0,0.5,0,0.4167
817,0,0.5,0,0.4167
816,0,0.5,0,0.4167
815,0,0.5,0,0.4167
814,0,0.5,0,0.4167
813,0,0.5,0,0.4167
812,0,0.5,0,0.4167
811,0,0.5,0,0.4167
810,0,0.5,0,0.4167
809,0,0.5,0,0.4167
808,0,0.5,0,0.4167
807,0,0.5,0,0.4167
806,0,0.5,0,0.4167
805,0,0.5,0,0.4167
804,0,0.5,0,0.4167
803,0,0.5,0,0.4167
802,0,0.5,0,0.4167
801,0,0.5,0,0.4167
800,0,0.5,0,0.4167
799,0,0.5,0,0.4167
798,0,0.5,0,0.4167
797,0,0.5,0,0.4167
796,0,0.5,0,0.4167
795,0,0.5,0,0.4167
794,0,0.5,0,0.4167
793,0,0.5,0,0.4167
792,0,0.5,0,0.4167
791,0,0.5,0,0.4167
790,0,0.5,0,0.4167
789,0,0.5,0,0.4167
788,0,0.5,0,0.4167
787,0,0.5,0,0.4167
786,0,0.5,0,0.4167
785,0,0.5,0,0.4167
784,0,0.5,0,0.4167
783,0,0.5,0,0.4167
782,0,0.5,0,0.4167
781,0,0.5,0,0.4167
780,0,0.5,0,0.4167
779,0,0.5,0,0.4167
778,0,0.5,0,0.4167
777,0,0.5,0,0.4167
776,0,0.5,0,0.4167
775,0,0.5,0,0.4167
774,0,0.5,0,0.4167
773,0,0.5,0,0.4167
772,0,0.5,0,0.4167
771,0,0.5,0,0.4167
770,0,0.5,0,0.4167
769,0,0.5,0,0.4167
768,0,0.5,0,0.4167
767,0,0.5,0,0.4167
766,0,0.5,0,0.4167
765,0,0.5,0,0.4167
764,0,0.5,0,0.4167
763,0,0.5,0,0.4167
762,0,0.5,0,0.4167
761,0,0.5,0,0.4167
760,0,0.5,0,0.4167
759,0,0.5,0,0.4167
758,0,0.5,0,0.4167
757,0,0.5,0,0.4167
756,0,0.5,0,0.4167
728,0.5356,0.5146,0.5362,0.5146
727,0.4854,0.4879,0.4816,0.4856
726,0.8916,0.8344,0.8668,0.8031
725,0.6112,0.5622,0.5938,0.5523
724,1,1,0.375,0.5
723,0.5,0.5595,0.5938,0.5717
722,0.5,0.5595,0.5938,0.5717
720,0.66,0.5917,0.7603,0.7075
719,0.5,0.5357,0.7422,0.6565
718,0.5,0.5357,0.7422,0.6565
716,0.5694,0.5403,0.6042,0.6102
715,0.5476,0.5211,0.5288,0.5111
714,0.7683,0.7088,0.7571,0.6888
713,0.7683,0.7088,0.7571,0.6888
712,0.7347,0.8388,0.8087,0.771
711,0.7803,0.7107,0.7679,0.6979
709,1,1,0.4375,0.5012
708,1,1,0.25,0.5
707,0.4841,0.4867,0.503,0.4977
706,0.8125,0.8929,0.4815,0.5223
705,0.875,0.8875,0.0781,0.3508
704,0.3333,0.6333,0.5306,0.5365
703,0,0.4167,0.25,0.4571
700,0.625,0.622,0.3906,0.489
699,0.5351,0.5135,0.5201,0.5063
698,0.5497,0.5228,0.5511,0.5227
697,0.8867,0.839,0.9147,0.8582
655,0.8177,0.7491,0.8433,0.7756
654,0.7778,0.8667,0.7347,0.7687
653,0.7778,0.8667,0.7347,0.7687
652,0.7778,0.8667,0.7143,0.756
649,0,0.5,0,0.4167
646,1,1,0.5,0.5833
645,0.7347,0.6806,0.5911,0.5358
644,0.75,0.8333,0.375,0.4833
642,0.3333,0.4778,0.3889,0.4605
641,0,0.5,0.5556,0.7222
640,0,0.3833,0.5139,0.5694
639,0.5556,0.7,0.7143,0.6857
638,0.5556,0.7,0.7143,0.6857
637,0.1667,0.3833,0.8056,0.744
636,0.551,0.5842,0.4,0.4746
635,0.7969,0.7181,0.5156,0.5317
634,0.743,0.6674,0.7202,0.6515
633,0.4297,0.5993,0.6747,0.7116
632,0.635,0.6487,0.5079,0.5131
629,0,0.5,0.5,0.75
628,0.8163,0.8596,0.4796,0.5158
627,0,0.5,0.5,0.75
626,0.625,0.75,0.6875,0.6458
625,0.5625,0.6042,0.9453,0.9503
624,0.4444,0.4778,0.5417,0.5091
619,0.7851,0.7713,0.4566,0.5082
618,0.5089,0.4907,0.4814,0.4795
616,0.75,0.8333,0.76,0.8444
615,0.25,0.5,0.3438,0.4821
614,0.25,0.5,0.3438,0.4821
613,0.25,0.5,0.3438,0.4821
612,0.25,0.5,0.3438,0.4821
611,0.25,0.5,0.3438,0.4821
610,0.25,0.5,0.3438,0.4821
609,0.75,0.8333,0.36,0.461
608,0.75,0.8333,0.36,0.461
607,0.5,0.5833,0.48,0.5722
606,0.75,0.8333,0.36,0.461
605,0.5,0.5833,0.48,0.5722
604,0.5,0.5833,0.48,0.5722
603,0.75,0.8333,0.36,0.461
602,0.75,0.8333,0.36,0.461
601,0.75,0.8333,0.36,0.461
600,0.75,0.8333,0.36,0.461
599,0.75,0.8333,0.36,0.461
598,0.75,0.8333,0.36,0.461
597,0.75,0.8333,0.36,0.461
596,0.75,0.8333,0.36,0.461
595,0.75,0.8333,0.36,0.461
594,1,1,1,1
593,1,1,0.6667,0.8333
592,1,1,0.6667,0.8333
591,0.625,0.7679,0.4506,0.5075
590,0.5593,0.5296,0.531,0.5116
589,0.6202,0.5615,0.5802,0.5341
588,0.7778,0.8056,0.5,0.552
587,1,1,0.8125,0.8929
586,0,0.5,0.6667,0.6389
584,1,1,0.5,0.75
583,0.5,0.5833,0.5625,0.5774
582,0.6667,0.6389,0.5556,0.5798
581,0.6667,0.6389,0.5556,0.5798
580,0.25,0.5,0.56,0.5944
579,0,0.5,0.4444,0.5556
578,0.8056,0.7444,0.8472,0.838
577,0.602,0.7089,0.7985,0.7415
576,0.602,0.7089,0.7985,0.7415
575,0.5625,0.6845,0.3457,0.4486
574,0.5625,0.6845,0.3457,0.4486
573,0.7333,0.7753,0.5722,0.5705
572,0,0.3655,0.537,0.5251
571,0.56,0.5944,0.71,0.6599
570,0.5,0.5833,0.75,0.7708
569,0.5,0.5833,0.75,0.7708
568,0.5,0.5833,0.64,0.8
567,0.5,0.5833,0.64,0.8
566,0,0.5,0.2222,0.4444
565,0.6944,0.6913,0.5562,0.5633
564,0.6944,0.6913,0.5562,0.5633
563,0.6944,0.6913,0.5562,0.5633
562,0.6944,0.6913,0.5562,0.5633
561,0.6944,0.6913,0.5562,0.5633
559,0.75,0.8333,0.5,0.6429
558,0.5,0.5833,0.52,0.5393
557,0.5556,0.573,0.6593,0.6866
556,0.5679,0.569,0.6399,0.6773
555,0.5679,0.569,0.6399,0.6773
554,0.8264,0.86,0.7769,0.7618
553,0.7778,0.8439,0.5586,0.609
552,0.7778,0.8439,0.5586,0.609
551,0.7778,0.8439,0.5586,0.609
550,0.7778,0.8439,0.5586,0.609
549,0.7778,0.8439,0.5586,0.609
548,0.7778,0.8439,0.5586,0.609
547,0.7778,0.8439,0.5586,0.609
546,0.7778,0.8439,0.5586,0.609
545,0.7778,0.8439,0.5586,0.609
544,0.7778,0.8439,0.5586,0.609
543,0.7778,0.8439,0.5586,0.609
542,0.74,0.7959,0.6327,0.6132
541,0.74,0.7959,0.6327,0.6132
540,0.74,0.7959,0.6327,0.6132
539,0.74,0.7959,0.6327,0.6132
538,0.74,0.7959,0.6327,0.6132
537,0.74,0.7959,0.6327,0.6132
536,0.74,0.7959,0.6327,0.6132
535,0.74,0.7959,0.6327,0.6132
534,0.74,0.7959,0.6327,0.6132
533,0.74,0.7959,0.6327,0.6132
532,0.74,0.7959,0.6327,0.6132
531,0.74,0.7959,0.6327,0.6132
530,0.74,0.7959,0.6327,0.6132
529,0.74,0.7959,0.6327,0.6132
528,0.74,0.7959,0.6327,0.6132
527,0.74,0.7959,0.6327,0.6132
526,0.74,0.7959,0.6327,0.6132
525,0.74,0.7959,0.6327,0.6132
524,0.74,0.7959,0.6327,0.6132
523,0.74,0.7959,0.6327,0.6132
522,0.74,0.7959,0.6327,0.6132
521,0.74,0.7959,0.6327,0.6132
520,0.74,0.7959,0.6327,0.6132
519,0.74,0.7959,0.6327,0.6132
518,0.56,0.653,0.6327,0.614
517,0.74,0.7959,0.6327,0.6132
516,0.6797,0.6464,0.5372,0.5683
515,0.74,0.7959,0.6327,0.6132
514,0.74,0.7959,0.6327,0.6132
513,0.74,0.7959,0.6327,0.6132
512,0.74,0.7959,0.6327,0.6132
511,0.74,0.7959,0.6327,0.6132
510,0.74,0.7959,0.6327,0.6132
509,0.7851,0.8484,0.6529,0.604
508,0.74,0.7959,0.6327,0.6132
507,0.74,0.7959,0.6327,0.6132
506,0.74,0.7959,0.6327,0.6132
505,0.74,0.7959,0.6327,0.6132
504,0.74,0.7959,0.6327,0.6132
503,0.74,0.7959,0.6327,0.6132
502,0.74,0.7959,0.6327,0.6132
501,0.5556,0.5889,0.4286,0.4804
500,0.5556,0.5889,0.4286,0.4804
499,0.5556,0.5889,0.4286,0.4804
498,0.5556,0.5889,0.4286,0.4804
497,0.5556,0.5889,0.4286,0.4804
496,0.5556,0.5889,0.4286,0.4804
495,0.5556,0.5889,0.4286,0.4804
494,0.6719,0.7342,0.4766,0.5574
493,0.6719,0.7342,0.4766,0.5574
492,0.6719,0.7342,0.4766,0.5574
491,0.4444,0.6019,0.5069,0.4978
490,0.4444,0.6019,0.5069,0.4978
489,0.4444,0.6019,0.5069,0.4978
486,0.5,0.5667,0.1719,0.3829
484,0.7778,0.8056,0.6531,0.6519
483,0.7778,0.8056,0.6531,0.6519
482,0.7778,0.8056,0.6531,0.6519
481,0.4444,0.5333,0.6735,0.7742
480,1,1,0.7778,0.8375
479,1,1,0.6667,0.7556
478,1,1,0.6667,0.7556
477,0,0.4167,0.4375,0.5179
476,0,0.4167,0.3125,0.475
475,0,0.5,0,0.3833
474,0.3906,0.6157,0.3875,0.4491
473,0,0.5,0.5,0.5833
471,1,1,0.25,0.5
470,1,1,0.8125,0.8929
469,0.5,0.75,0.4062,0.5
468,0.5,0.5833,0.48,0.52
467,0.5,0.5833,0.48,0.52
466,0.5,0.5833,0.48,0.52
465,0.5,0.5833,0.48,0.52
464,0.5,0.5833,0.48,0.52
463,0.6122,0.5885,0.398,0.4556
462,0.6875,0.6167,0.1975,0.3897
460,0.8056,0.8524,0.5139,0.5101
459,0.625,0.5833,0.4062,0.4821
458,0.4694,0.5326,0.48,0.6152
457,0.4883,0.5375,0.6279,0.6002
456,0.5014,0.4907,0.595,0.5812
455,0.5014,0.4907,0.595,0.5812
454,0.5014,0.4907,0.595,0.5812
453,0.5014,0.4907,0.595,0.5812
452,0.5014,0.4907,0.595,0.5812
451,0.5014,0.4907,0.595,0.5812
450,0.5014,0.4907,0.595,0.5812
449,0.5455,0.5306,0.4234,0.4454
448,0.5612,0.5247,0.5505,0.5446
447,0.5612,0.5247,0.5505,0.5446
446,0.78,0.8433,0.4649,0.509
445,0.5612,0.5247,0.5505,0.5446
444,0.5612,0.5247,0.5505,0.5446
443,0.5612,0.5247,0.5505,0.5446
442,0.5612,0.5247,0.5505,0.5446
441,0.5612,0.5247,0.5505,0.5446
440,0.78,0.8433,0.4649,0.509
439,0.78,0.8433,0.4649,0.509
438,0.61,0.6335,0.5351,0.5781
437,0.61,0.6335,0.5351,0.5781
436,0.6667,0.7556,0.8367,0.801
435,0.2222,0.4667,0.7347,0.733
434,0.625,0.7095,0.6173,0.672
433,0.5625,0.6917,0.5185,0.5256
432,0.84,0.9111,0.7,0.8142
431,0.84,0.9111,0.7,0.8142
430,0.84,0.81,0.4793,0.5324
429,0.84,0.81,0.4793,0.5324
428,0.84,0.81,0.4793,0.5324
427,0.5,0.5833,0.36,0.461
426,0.4444,0.5333,0.7347,0.7888
425,0.7284,0.742,0.5201,0.5325
424,0.4444,0.5556,0.4082,0.4657
423,0.4444,0.5556,0.4082,0.4657
422,0.54,0.5881,0.7029,0.7388
421,0.4694,0.4984,0.4267,0.5073
420,0.4694,0.4984,0.4267,0.5073
419,0.4694,0.4984,0.4267,0.5073
418,0.5102,0.5162,0.4222,0.5026
417,0,0.5,0.5,0.5833
416,0.6543,0.6073,0.5125,0.5727
415,0.6543,0.6073,0.5125,0.5727
414,0.6543,0.6073,0.5125,0.5727
413,0.6543,0.6073,0.5125,0.5727
412,0.6543,0.6073,0.5125,0.5727
411,0.6543,0.6073,0.5125,0.5727
410,0.6296,0.5968,0.4986,0.5644
409,0.625,0.7095,0.5469,0.5757
408,0.3984,0.4463,0.3984,0.4378
407,0.3906,0.4452,0.4141,0.4432
406,0.5,0.5804,0.793,0.7835
405,0.5938,0.6166,0.3789,0.4706
404,0.5938,0.6166,0.3789,0.4706
403,0.5938,0.6166,0.3789,0.4706
402,0.5938,0.6166,0.3789,0.4706
401,0.5781,0.6083,0.3789,0.4701
400,0.5938,0.6166,0.3789,0.4706
376,0.5185,0.7055,0.4784,0.5447
375,0.5185,0.7055,0.4784,0.5447
374,0.5185,0.7055,0.4784,0.5447
373,0.5185,0.7055,0.4784,0.5447
372,0.5185,0.7055,0.4784,0.5447
371,0.6735,0.7575,0.5511,0.6316
370,0.71,0.7071,0.49,0.5134
369,0.6627,0.7112,0.4236,0.4538
368,0.6612,0.7118,0.4244,0.4536
367,0.5244,0.4929,0.5297,0.511
366,0.5244,0.4929,0.5297,0.511
365,0.6627,0.7112,0.4236,0.4538
364,0.6627,0.7112,0.4236,0.4538
363,0.6627,0.7112,0.4236,0.4538
362,0.6627,0.7112,0.4236,0.4538
361,0.375,0.4833,0.5938,0.659
360,0.6627,0.7112,0.4236,0.4538
359,0.6627,0.7112,0.4236,0.4538
358,0.5244,0.4931,0.5203,0.5049
357,0.56,0.5787,0.79,0.7722
356,0.75,0.875,0.4198,0.4768
355,0.5391,0.6571,0.6455,0.6794
354,0.5391,0.6571,0.6455,0.6794
353,0.5391,0.6571,0.6455,0.6794
352,0.5391,0.6571,0.6455,0.6794
351,0.5391,0.6571,0.6455,0.6794
350,0.6831,0.6815,0.6037,0.537
349,0.4863,0.4709,0.5994,0.5597
348,0.5696,0.6054,0.6225,0.5862
347,0.5552,0.5268,0.6159,0.6015
346,0.5552,0.5268,0.6159,0.6015
345,0.568,0.5333,0.6059,0.5928
344,0.5552,0.5268,0.6159,0.6015
343,0.568,0.5333,0.6055,0.5927
342,0.568,0.5333,0.6048,0.5921
341,0.568,0.5333,0.6063,0.593
340,0.39,0.444,0.5873,0.572
339,0.4444,0.4883,0.6019,0.6088
338,0.6,0.7254,0.43,0.4721
337,0.7773,0.8064,0.5987,0.6553
336,0.7578,0.8054,0.5923,0.6635
335,0.6667,0.736,0.7744,0.777
334,0.7578,0.8054,0.5923,0.6635
333,0.7578,0.8054,0.5923,0.6635
332,0.7578,0.8054,0.5923,0.6635
331,0.7578,0.8054,0.5923,0.6635
330,0.7578,0.8054,0.5923,0.6635
329,0.4629,0.5201,0.6772,0.6595
328,0.4629,0.5201,0.6772,0.6595
327,0.4629,0.5201,0.6772,0.6595
326,0.4629,0.5201,0.6772,0.6595
325,0.4629,0.5201,0.6772,0.6595
324,0.7578,0.8054,0.5923,0.6635
323,0.7578,0.8054,0.5923,0.6635
322,0.7578,0.8054,0.5923,0.6635
321,0.72,0.8333,0.8678,0.8998
320,0.7773,0.8064,0.5987,0.6553
319,0.7578,0.8054,0.5923,0.6635
318,0.4707,0.5285,0.677,0.6541
317,0.6667,0.736,0.7744,0.777
316,0.7773,0.8064,0.5987,0.6553
315,0.7773,0.8064,0.5987,0.6553
314,0.7773,0.8064,0.5987,0.6553
313,0.7578,0.8054,0.5923,0.6635
312,0.7773,0.8064,0.5987,0.6553
311,0.7578,0.8054,0.5923,0.6635
310,0.7773,0.8064,0.5987,0.6553
309,0.7578,0.8054,0.5923,0.6635
308,0.7578,0.8054,0.5923,0.6635
307,0.7978,0.8408,0.5562,0.5809
306,0.7578,0.8054,0.5923,0.6635
305,0.7578,0.8054,0.5923,0.6635
304,0.5556,0.5889,0.7551,0.744
303,0.6269,0.6378,0.6192,0.5486
302,0.6269,0.6378,0.6192,0.5486
301,0.6269,0.6378,0.6192,0.5486
300,0.5762,0.612,0.5291,0.5359
299,0.5762,0.612,0.5291,0.5359
298,0.5669,0.5212,0.5706,0.5384
297,0.4898,0.5217,0.4847,0.4873
296,0.6269,0.6378,0.6192,0.5486
295,0.6626,0.5756,0.4936,0.5133
294,0.6269,0.6378,0.6192,0.5486
293,0.6269,0.6378,0.6192,0.5486
292,0.6626,0.5756,0.4936,0.5133
291,0.6269,0.6378,0.6192,0.5486
290,0.6269,0.6378,0.6192,0.5486
289,0.6269,0.6378,0.6192,0.5486
288,0.5625,0.6679,0.7344,0.6469
287,0.5625,0.6679,0.7344,0.6469
286,0.5289,0.591,0.6049,0.6122
285,0.6694,0.6175,0.7342,0.6689
284,0.6725,0.617,0.7243,0.6577
283,0.6039,0.6368,0.6659,0.5881
282,0.6748,0.6194,0.7328,0.6684
281,0.6039,0.6368,0.6659,0.5881
280,0.6867,0.589,0.6692,0.6322
279,0.6039,0.6368,0.6659,0.5881
278,0.78,0.671,0.5988,0.5154
277,0.6039,0.6368,0.6659,0.5881
276,0.6748,0.6194,0.7328,0.6684
275,0.6039,0.6368,0.6659,0.5881
274,0.6039,0.6368,0.6659,0.5881
273,0.6039,0.6368,0.6659,0.5881
272,0.6039,0.6368,0.6659,0.5881
271,0.6694,0.6175,0.7342,0.6689
270,0.6039,0.6368,0.6659,0.5881
269,0.78,0.6722,0.6,0.5177
268,0.8058,0.7139,0.8037,0.8534
267,0.7188,0.7234,0.7452,0.653
266,0.6039,0.6368,0.6659,0.5881
265,0.6039,0.6368,0.6659,0.5881
264,0.6039,0.6368,0.6659,0.5881
263,0.805,0.8306,0.5925,0.5538
262,0.5983,0.6351,0.6735,0.5932
261,0.78,0.671,0.5988,0.5154
260,0.5983,0.6351,0.6735,0.5932
259,0.6039,0.6368,0.6659,0.5881
258,0.6039,0.6368,0.6659,0.5881
257,0.8096,0.7735,0.6986,0.6063
256,0.6694,0.6175,0.7342,0.6689
255,0.6694,0.6175,0.7342,0.6689
254,0.6039,0.6368,0.6659,0.5881
253,0.7258,0.6689,0.7729,0.7403
252,0.6039,0.6368,0.6659,0.5881
251,0.6867,0.589,0.6692,0.6322
250,0.6867,0.589,0.6692,0.6322
249,0.6662,0.6266,0.6884,0.7441
248,0.6039,0.6368,0.6659,0.5881
247,0.6039,0.6368,0.6659,0.5881
246,0.6039,0.6368,0.6659,0.5881
245,0.6039,0.6368,0.6659,0.5881
244,0.8127,0.7547,0.6913,0.6172
243,0.7117,0.7111,0.652,0.572
242,0.6385,0.6037,0.7268,0.6212
241,0.6039,0.6368,0.6659,0.5881
240,0.6694,0.6175,0.7327,0.6683
239,0.8338,0.8499,0.7061,0.6425
238,0.6867,0.589,0.6692,0.6322
237,0.6039,0.6368,0.6659,0.5881
236,0.6694,0.6175,0.7327,0.6683
235,0.6039,0.6368,0.6659,0.5881
234,0.6694,0.6175,0.7342,0.6689
233,0.6867,0.589,0.6692,0.6322
232,0.6867,0.589,0.6692,0.6322
231,0.78,0.671,0.5988,0.5154
230,0.78,0.671,0.5988,0.5154
229,0.6694,0.6175,0.7327,0.6683
228,0.7341,0.7073,0.6693,0.6028
227,0.6039,0.6368,0.6659,0.5881
226,0.6039,0.6368,0.6659,0.5881
225,0.6694,0.6175,0.7342,0.6689
224,0.6039,0.6368,0.6659,0.5881
223,0.6867,0.589,0.6692,0.6322
222,0.6039,0.6368,0.6659,0.5881
221,0.6039,0.6368,0.6659,0.5881
220,0.6039,0.6368,0.6659,0.5881
219,0.6039,0.6368,0.6659,0.5881
218,0.5983,0.6351,0.6735,0.5932
217,0.6025,0.5671,0.6392,0.5772
216,0.686,0.5872,0.6706,0.6311
215,0.6748,0.6194,0.7328,0.6684
214,0.907,0.8631,0.6743,0.5855
213,0.5983,0.6351,0.6735,0.5932
212,0.712,0.6339,0.5784,0.5679
211,0.6694,0.6175,0.7342,0.6689
210,0.6748,0.6194,0.7328,0.6684
209,0.6039,0.6368,0.6659,0.5881
208,0.6039,0.6368,0.6659,0.5881
207,0.6039,0.6368,0.6659,0.5881
206,0.6039,0.6368,0.6659,0.5881
205,0.6752,0.632,0.7339,0.6638
204,0.6867,0.589,0.6692,0.6322
203,0.5983,0.6351,0.6735,0.5932
202,0.662,0.6303,0.7315,0.6697
201,0.5983,0.6351,0.6735,0.5932
200,0.6725,0.617,0.7243,0.6577
199,0.5983,0.6351,0.6735,0.5932
198,0.5983,0.6351,0.6735,0.5932
197,0.5983,0.6351,0.6735,0.5932
196,0.6539,0.5914,0.6421,0.5813
195,0.6566,0.5939,0.6432,0.5832
194,0.6566,0.5939,0.6432,0.5832
193,0.6566,0.5939,0.6432,0.5832
192,0.6539,0.5914,0.6421,0.5813
191,0.6539,0.5914,0.6421,0.5813
190,0.6539,0.5914,0.6421,0.5813
189,0.6539,0.5914,0.6421,0.5813
188,0.6539,0.5914,0.6421,0.5813
187,0.6539,0.5914,0.6421,0.5813
186,0.6791,0.6054,0.7466,0.6527
185,0.6539,0.5914,0.6421,0.5813
184,0.6539,0.5914,0.6421,0.5813
183,0.6539,0.5914,0.6421,0.5813
182,0.6539,0.5914,0.6421,0.5813
181,0.6539,0.5914,0.6421,0.5813
180,0.6539,0.5914,0.6421,0.5813
179,0.6539,0.5914,0.6421,0.5813
178,0.6539,0.5914,0.6421,0.5813
177,0.6539,0.5914,0.6421,0.5813
176,0.6539,0.5914,0.6421,0.5813
175,0.6539,0.5914,0.6421,0.5813
174,0.6822,0.6437,0.705,0.6493
173,0.6539,0.5914,0.6421,0.5813
172,0.6539,0.5914,0.6421,0.5813
171,0.6539,0.5914,0.6421,0.5813
170,0.6566,0.5939,0.6432,0.5832
169,0.6539,0.5914,0.6421,0.5813
168,0.63,0.5923,0.7026,0.609
167,0.6539,0.5914,0.6421,0.5813
166,0.6539,0.5914,0.6421,0.5813
165,0.6566,0.5939,0.6432,0.5832
164,0.6539,0.5914,0.6421,0.5813
163,0.6539,0.5914,0.6421,0.5813
162,0.6539,0.5914,0.6421,0.5813
161,0.6539,0.5914,0.6421,0.5813
160,0.6566,0.5939,0.6432,0.5832
159,0.6539,0.5914,0.6421,0.5813
158,0.6566,0.5939,0.6432,0.5832
157,0.6566,0.5939,0.6432,0.5832
156,0.6539,0.5914,0.6421,0.5813
155,0.6539,0.5914,0.6421,0.5813
154,0.6539,0.5914,0.6421,0.5813
153,0.6539,0.5914,0.6421,0.5813
152,0.6539,0.5914,0.6421,0.5813
151,0.6539,0.5914,0.6421,0.5813
150,0.7304,0.6675,0.6997,0.651
149,0.6539,0.5914,0.6421,0.5813
148,0.6539,0.5914,0.6421,0.5813
145,0.75,0.8333,0.4,0.4968
143,1,1,0.125,0.3988
141,0.24,0.4157,0.45,0.4603
138,0.5432,0.57,0.5499,0.6192
137,0.5432,0.57,0.5499,0.6192
136,0.4688,0.5636,0.4879,0.5271
135,0.3905,0.4739,0.6908,0.6221
134,0.3905,0.4739,0.6908,0.6221
133,0.6195,0.5699,0.551,0.5367
132,0.5,0.5062,0.4306,0.4786
131,0.5,0.5062,0.4306,0.4786
130,0.5,0.5062,0.4306,0.4786
129,0.4605,0.4648,0.6014,0.5552
128,0.569,0.5799,0.5368,0.5262
127,0.679,0.6971,0.6454,0.6087
126,0.466,0.4665,0.4361,0.4492
125,0.466,0.4665,0.4361,0.4492
124,0.466,0.4665,0.4361,0.4492
123,0.466,0.4665,0.4361,0.4492
122,0.6368,0.5921,0.6758,0.62
121,0.5433,0.5238,0.5208,0.505
120,0.3438,0.4467,0.4473,0.5158
119,0.7167,0.6742,0.6801,0.6421
118,0.6283,0.5777,0.5822,0.5585
117,0.6276,0.5765,0.5905,0.563
116,0.6283,0.5777,0.5822,0.5585
115,0.6319,0.5885,0.5579,0.5171
114,0.6283,0.5777,0.5822,0.5585
113,0.6283,0.5777,0.5822,0.5585
112,0.5216,0.5041,0.5588,0.5313
111,0.6283,0.5777,0.5822,0.5585
110,0.6283,0.5777,0.5822,0.5585
109,0.6283,0.5777,0.5822,0.5585
108,0.5803,0.5445,0.5631,0.508
107,0.6276,0.5765,0.5905,0.563
106,0.6283,0.5777,0.5822,0.5585
105,0.5669,0.5685,0.6187,0.6222
104,0.6283,0.5777,0.5822,0.5585
103,0.6283,0.5777,0.5822,0.5585
102,0.6276,0.5765,0.5905,0.563
101,0.6276,0.5765,0.5905,0.563
100,0.76,0.6862,0.7,0.8251
99,0.76,0.6862,0.7,0.8251
98,0.76,0.6862,0.7,0.8251
97,0.526,0.5345,0.4455,0.4974
96,0.6097,0.5975,0.5983,0.5672
95,0.5,0.5833,0.84,0.8762
94,0.4969,0.5202,0.5972,0.6261
93,0.4969,0.5202,0.5972,0.6261
92,0.74,0.7385,0.405,0.4533
91,0.74,0.7385,0.405,0.4533
90,0.5,0.5213,0.5903,0.6202
89,0.74,0.7385,0.405,0.4533
88,0.74,0.7385,0.405,0.4533
87,0.5,0.5213,0.5903,0.6202
86,0.5,0.5213,0.5903,0.6202
85,0.5,0.5213,0.5903,0.6202
84,0.6626,0.6771,0.6319,0.5852
83,0.5,0.5213,0.5903,0.6202
82,0.6612,0.6402,0.587,0.5926
81,0.6612,0.6402,0.587,0.5926
80,0.6612,0.6402,0.587,0.5926
79,0.6612,0.6402,0.587,0.5926
78,0.6612,0.6402,0.587,0.5926
77,0.6612,0.6402,0.587,0.5926
76,0.6612,0.6402,0.587,0.5926
75,0.4867,0.5388,0.3694,0.4409
74,0.4867,0.5388,0.3694,0.4409
73,0.4867,0.5388,0.3694,0.4409
72,0.4867,0.5388,0.3694,0.4409
71,0.6548,0.6291,0.6011,0.5893
70,0.5329,0.6495,0.5261,0.5148
69,0.5329,0.6495,0.5261,0.5148
68,0.686,0.7288,0.4301,0.4762
67,0.5329,0.6495,0.5261,0.5148
66,0.5329,0.6495,0.5261,0.5148
65,0.5329,0.6495,0.5261,0.5148
64,0.5261,0.6468,0.5323,0.5199
63,0.4737,0.5044,0.3594,0.4115
62,0.7769,0.8063,0.595,0.5824
61,0.7769,0.8063,0.595,0.5824
60,0.5207,0.5748,0.6749,0.7473
59,0.7769,0.8063,0.595,0.5824
58,0.7686,0.7975,0.6116,0.5877
57,0.4793,0.5573,0.6711,0.7409
56,0.4793,0.5573,0.6711,0.7409
55,0.7769,0.8063,0.595,0.5824
54,0.7769,0.8063,0.595,0.5824
53,0.4444,0.6667,0.5556,0.5327
52,0.6694,0.685,0.6389,0.6865
51,0.5913,0.5883,0.52,0.5779
50,0.712,0.745,0.6593,0.6305
49,0.7166,0.7477,0.6587,0.6299
48,0.712,0.745,0.6593,0.6305
47,0.7166,0.7477,0.6587,0.6299
46,0.712,0.745,0.6593,0.6305
45,0.712,0.745,0.6593,0.6305
44,0.712,0.745,0.6593,0.6305
43,0.712,0.745,0.6593,0.6305
42,0.5913,0.5883,0.52,0.5779
41,0.5973,0.5885,0.5188,0.5748
40,0.7166,0.7477,0.6587,0.6299
39,0.5973,0.5885,0.5188,0.5748
38,0.7166,0.7477,0.6587,0.6299
37,0.7166,0.7477,0.6587,0.6299
36,0.7166,0.7477,0.6587,0.6299
35,0.5973,0.5885,0.5188,0.5748
34,0.5973,0.5885,0.5188,0.5748
33,0.5597,0.5456,0.5821,0.5499
32,0.7344,0.789,0.6332,0.6297
31,0.5597,0.5456,0.5821,0.5499
30,0.5597,0.5456,0.5821,0.5499
29,0.7056,0.6514,0.5055,0.4894
28,0.7056,0.6514,0.5055,0.4894
27,0.5597,0.5456,0.5821,0.5499
26,0.5597,0.5456,0.5821,0.5499
25,0.5597,0.5446,0.5901,0.5574
24,0.6967,0.6451,0.5026,0.4857
23,0.6967,0.6451,0.5028,0.4858
22,0.5597,0.5446,0.5901,0.5574
21,0.5597,0.5446,0.5901,0.5574
20,0.5597,0.5446,0.5901,0.5574
19,0.655,0.7014,0.56,0.5429
18,0.7344,0.789,0.6401,0.633
17,0.7344,0.789,0.6401,0.633
16,0.655,0.7014,0.56,0.5429
15,0.655,0.7014,0.56,0.5429
14,0.5597,0.5446,0.5901,0.5574
13,0.5597,0.5446,0.5901,0.5574
12,0.5597,0.5446,0.5901,0.5574
11,0.5597,0.5446,0.5901,0.5574
10,0.5597,0.5446,0.5901,0.5574
9,0.5597,0.5446,0.5901,0.5574
8,0.5597,0.5446,0.5901,0.5574
7,0.5597,0.5446,0.5901,0.5574
6,0.6747,0.7393,0.5597,0.5324
5,0.6747,0.7393,0.5597,0.5324
4,0.6747,0.7393,0.5597,0.5324
3,0.6747,0.7393,0.5597,0.5324
2,0.6747,0.7393,0.5597,0.5324
1,0.5544,0.5511,0.5306,0.5078
0,0.6747,0.7393,0.5597,0.5324