Graph num	Num Nodes	Num Edges	Density	Number of Self Loops	Node Connectivity	Avg Clustering Coeff	Diameter	Degree Assortativity	Is Bipartite	LR	H dim	H copies	E dim	E copies	S dim	S copies	Num Triangles	Dist Range	Dist Diff from Mean	Dist Diff from Next Best	Dist Diff from Euclidean	% Dist Diff From Euclidean	Best Euclidean Distortion	Best Overall Distortion
375	91	173	0.04224664224664225	0	1	0.36980359450498	8	-0.460616104929416	0	1.0	12.0	2	12.0	3	12.0	3	109	0.3236	-0.020485714285714295	-0.000899999999999998	0.019799999999999998	35.74007220216606	0.0554	0.0356
368	165	428	0.03163340724316334	0	1	0.41940876838649743	8	-0.4589147692068438	0	1.0	16.0	3	16.0	3	16.0	0	387	0.5357	-0.14046587301587304	-0.0005000000000000004	0.012499999999999997	17.70538243626062	0.0706	0.0581
31	151	482	0.042560706401766006	0	1	0.3270655849021109	6	-0.2871497916049049	0	1.0	16.0	3	16.0	3	16.0	0	596	0.45899999999999996	-0.11022142857142857	-9.999999999998899e-05	0.011499999999999996	15.11169513797634	0.0761	0.0646
479	21	32	0.1523809523809524	0	1	0.3424036281179138	5	-0.3055948293274086	0	1.0	12.0	2	12.0	3	12.0	3	12	0.6035	-0.14422261904761907	-0.0010000000000000009	0.0194	43.49775784753363	0.0446	0.0252
302	116	646	0.09685157421289356	0	2	0.7940345394377756	4	-0.4357618115659774	0	0.1	11.0	3	11.0	3	11.0	3	1533	0.3177	-0.06490198412698413	-0.0006999999999999923	0.008899999999999991	11.014851485148505	0.0808	0.0719
306	110	273	0.04553794829024187	0	1	0.6991490593492693	9	-0.4106429451798197	0	1.0	14.0	3	14.0	2	14.0	2	233	0.5969	-0.17196944444444445	-0.00030000000000000165	0.0138	26.900584795321635	0.0513	0.0375
405	63	162	0.08294930875576037	0	1	0.5866153898244996	8	-0.12396676474511611	0	1.0	14.0	2	14.0	2	14.0	3	130	0.54	-0.16191269841269842	-0.0003999999999999976	0.0224	45.07042253521127	0.0497	0.0273
45	135	383	0.04234383637368712	0	1	0.40412769567244966	7	-0.41835886225433716	0	1.0	11.0	3	11.0	3	11.0	3	314	0.4977	-0.1307892857142857	-0.000900000000000005	0.012400000000000001	16.621983914209117	0.0746	0.0622
421	61	119	0.06502732240437159	0	1	0.34011411608158076	6	-0.40704443021266506	0	1.0	12.0	3	12.0	2	12.0	3	81	0.5714	-0.14803611111111112	-0.0003999999999999976	0.020999999999999998	39.25233644859813	0.0535	0.0325
60	90	213	0.05318352059925094	0	1	0.5770925982754699	4	-0.5772478863053432	0	1.0	14.0	3	14.0	1	14.0	3	186	0.5184	-0.0988722222222222	-0.0010000000000000009	0.014799999999999994	23.052959501557623	0.0642	0.0494
224	53	343	0.24891146589259797	0	3	0.26783142704582646	5	0.05241945129335968	0	0.1	11.0	3	11.0	3	11.0	3	602	0.2303	-0.06098373015873017	-0.0015000000000000013	0.008	14.705882352941178	0.0544	0.0464
247	53	343	0.24891146589259797	0	3	0.26783142704582646	5	0.05241945129335968	0	0.1	11.0	3	11.0	3	11.0	3	602	0.2304	-0.06098492063492062	-0.0015999999999999973	0.008099999999999996	14.889705882352935	0.0544	0.0463
575	29	78	0.1921182266009852	0	1	0.535216915351848	5	-0.45807070081525664	0	1.0	16.0	3	16.0	0	16.0	3	93	0.4263	-0.08379880952380953	-0.00030000000000000165	0.018300000000000004	31.44329896907217	0.0582	0.0399
201	53	343	0.24891146589259797	0	3	0.26783142704582646	5	0.05241945129335968	0	0.1	11.0	3	11.0	3	11.0	3	602	0.2304	-0.06111904761904762	-0.0015999999999999973	0.008099999999999996	14.889705882352935	0.0544	0.0463
295	94	492	0.11256005490734386	0	2	0.7929920448506095	3	-0.484450059154528	0	1.0	20.0	1	20.0	1	20.0	3	1059	0.3138	-0.05799603174603174	-0.00019999999999999185	0.0087	11.950549450549449	0.0728	0.0641
541	112	203	0.03265765765765766	0	1	0.3764434007868882	11	-0.18987508850167073	0	1.0	11.0	3	11.0	3	11.0	3	99	0.6494	-0.2070686507936508	-9.99999999999994e-05	0.0204	41.04627766599598	0.0497	0.0293
622	8	10	0.35714285714285715	0	1	0.5	3	-0.31782945736434104	0	1.0	12.0	2	12.0	3	12.0	3	3	113.7585	-0.579738492063492	-0.00019999999999999998	0.0094	92.15686274509804	0.0102	0.0008
411	86	194	0.05307797537619699	0	1	0.47456577800359395	8	-0.2817640141254943	0	1.0	14.0	2	14.0	2	14.0	3	135	0.5785	-0.18121	-0.0011999999999999997	0.016099999999999996	29.595588235294112	0.0544	0.0383
360	165	428	0.03163340724316334	0	1	0.41940876838649743	8	-0.4589147692068438	0	1.0	16.0	3	16.0	3	16.0	0	387	0.5357	-0.14046587301587304	-0.0005000000000000004	0.012499999999999997	17.70538243626062	0.0706	0.0581
843	11	19	0.34545454545454546	0	1	0.3575757575757576	3	-0.2759462759462759	0	1.0	25.0	1	25.0	2	25.0	1	8	0.5044	-0.09925119047619049	-0.00030000000000000165	0.006600000000000002	12.336448598130845	0.0535	0.0469
458	62	142	0.0750925436277102	0	1	0.8743787837715732	5	-0.6220897178118283	0	1.0	16.0	3	16.0	3	16.0	0	113	0.5206000000000001	-0.09934841269841269	-0.0002999999999999982	0.0133	37.35955056179775	0.0356	0.0223
265	53	343	0.24891146589259797	0	3	0.26783142704582646	5	0.05241945129335968	0	0.1	11.0	3	11.0	3	11.0	3	602	0.2304	-0.060984920634920635	-0.0015999999999999973	0.008099999999999996	14.889705882352935	0.0544	0.0463
334	110	273	0.04553794829024187	0	1	0.6991490593492693	9	-0.4106429451798197	0	1.0	14.0	3	14.0	2	14.0	2	233	0.335	-0.038684027777777776	-0.00030000000000000165	0.0138	26.900584795321635	0.0513	0.0375
721	6	9	0.6	0	1	0.9	2	-0.36363636363636365	0	1.0	33.0	1	33.0	1	33.0	1	5	9999999999.994	-165975116.81886017	-0.00010000000000000026	0.003299999999999999	35.48387096774193	0.0093	0.006
624	15	55	0.5238095238095238	0	2	0.8244444444444446	3	0.18477716574862293	0	1.0	16.0	3	16.0	1	16.0	2	96	0.3276	-0.07374166666666668	-0.0006000000000000033	0.005700000000000004	12.694877505567936	0.0449	0.0392
322	110	273	0.04553794829024187	0	1	0.6991490593492693	9	-0.4106429451798197	0	1.0	14.0	3	14.0	2	14.0	2	233	0.5969	-0.17196944444444445	-0.00030000000000000165	0.0138	26.900584795321635	0.0513	0.0375
555	82	151	0.04546823246010238	0	1	0.352621530555286	5	-0.43115215572097654	0	1.0	11.0	3	11.0	3	11.0	3	96	0.5726	-0.12606944444444443	-0.00040000000000000105	0.0212	43.353783231083845	0.0489	0.0277
321	58	91	0.055051421657592255	0	1	0.2972911507394265	13	-0.4434150577213807	0	1.0	12.0	2	12.0	3	12.0	3	51	0.6848	-0.21761150793650794	-0.0005000000000000004	0.0161	55.90277777777778	0.0288	0.0127
633	26	127	0.39076923076923076	0	3	0.8273892836675643	3	-0.10720179344272501	0	1.0	16.0	1	16.0	2	16.0	3	308	0.26730000000000004	-0.06346468253968253	-0.0006999999999999992	0.011299999999999998	18.58552631578947	0.0608	0.0495
91	83	194	0.05700852189244784	0	1	0.5479474295669651	5	-0.4213215169436408	0	1.0	14.0	3	14.0	2	14.0	2	141	0.5359	-0.12727103174603177	-0.0004000000000000045	0.0175	31.992687385740403	0.0547	0.0372
456	152	344	0.02997560125479261	0	1	0.3851826383385141	6	-0.3807173561610061	0	1.0	16.0	3	16.0	1	16.0	2	233	0.5539	-0.13121785714285714	-0.0005000000000000004	0.014499999999999999	19.07894736842105	0.076	0.0615
71	233	855	0.03163386118099749	0	1	0.4967269412810717	8	-0.3530675080729175	0	1.0	16.0	3	16.0	1	16.0	2	1284	0.21290000000000003	-0.013657758620689658	-0.0006999999999999923	0.009099999999999997	10.668229777256737	0.0853	0.0762
80	200	461	0.023165829145728643	0	1	0.3997783287872998	8	-0.3956761913312752	0	1.0	12.0	3	12.0	3	12.0	2	326	0.5676	-0.14661031746031747	-0.0001999999999999988	0.009699999999999993	14.764079147640782	0.0657	0.056
55	79	199	0.06458941901979877	0	1	0.6203616315776157	5	-0.45917979340562387	0	1.0	14.0	3	14.0	2	14.0	2	165	0.507	-0.11184841269841271	-0.0010000000000000009	0.0172	29.70639032815199	0.0579	0.0407
376	91	173	0.04224664224664225	0	1	0.36980359450498	8	-0.460616104929416	0	1.0	12.0	2	12.0	3	12.0	3	109	0.5993	-0.16188055555555558	-0.000899999999999998	0.019799999999999998	35.74007220216606	0.0554	0.0356
544	60	177	0.1	0	1	0.4866510657958027	7	-0.07710821779262844	0	1.0	12.0	2	12.0	3	12.0	3	186	0.45420000000000005	-0.12539285714285714	-0.0004999999999999935	0.014699999999999998	20.08196721311475	0.0732	0.0585
209	53	343	0.24891146589259797	0	3	0.26783142704582646	5	0.05241945129335968	0	0.1	11.0	3	11.0	3	11.0	3	602	0.2303	-0.0609777777777778	-0.0015000000000000013	0.008	14.705882352941178	0.0544	0.0464
18	101	150	0.0297029702970297	0	1	0.22126631202645258	6	-0.5655157492027665	0	1.0	12.0	3	12.0	2	12.0	3	63	0.6314	-0.14604722222222222	-0.00040000000000000105	0.0189	41.08695652173913	0.046	0.0271
13	151	482	0.042560706401766006	0	1	0.3270655849021109	6	-0.2871497916049049	0	1.0	16.0	3	16.0	3	16.0	0	596	0.45899999999999996	-0.11022222222222221	-9.999999999998899e-05	0.011499999999999996	15.11169513797634	0.0761	0.0646
369	165	428	0.03163340724316334	0	1	0.41940876838649743	8	-0.4589147692068438	0	1.0	16.0	3	16.0	3	16.0	0	387	0.5357	-0.14046587301587304	-0.0005000000000000004	0.012499999999999997	17.70538243626062	0.0706	0.0581
38	135	383	0.04234383637368712	0	1	0.40412769567244966	7	-0.41835886225433716	0	1.0	11.0	3	11.0	3	11.0	3	314	0.49799999999999994	-0.13108809523809523	-0.0012000000000000066	0.012700000000000003	17.02412868632708	0.0746	0.0619
260	53	343	0.24891146589259797	0	3	0.26783142704582646	5	0.05241945129335968	0	0.1	11.0	3	11.0	3	11.0	3	602	0.2303	-0.060945634920634914	-0.0015000000000000013	0.008	14.705882352941178	0.0544	0.0464
332	110	273	0.04553794829024187	0	1	0.6991490593492693	9	-0.4106429451798197	0	1.0	14.0	3	14.0	2	14.0	2	233	0.597	-0.17206984126984126	-0.0005000000000000004	0.013899999999999996	27.095516569200772	0.0513	0.0374
85	144	330	0.03205128205128205	0	1	0.3616192689820579	6	-0.39451622984506685	0	1.0	16.0	3	16.0	3	16.0	0	243	0.5591	-0.14459444444444444	-0.0003999999999999976	0.014400000000000003	24.827586206896555	0.058	0.0436
700	47	64	0.05920444033302498	0	1	0.21667113653972228	5	-0.6670272869335256	0	1.0	11.0	3	11.0	3	11.0	3	22	0.6352000000000001	-0.15358373015873011	-0.0011999999999999997	0.0219	56.88311688311688	0.0385	0.0166
90	144	330	0.03205128205128205	0	1	0.3616192689820579	6	-0.39451622984506685	0	1.0	16.0	3	16.0	3	16.0	0	243	0.5591	-0.14459404761904762	-0.0003999999999999976	0.014400000000000003	24.827586206896555	0.058	0.0436
438	77	177	0.06049213943950786	0	1	0.3676436546591327	6	-0.4890383743925722	0	1.0	14.0	2	14.0	3	14.0	2	109	0.5083	-0.113334126984127	-0.0008000000000000021	0.012200000000000003	17.231638418079097	0.0708	0.0586
32	101	150	0.0297029702970297	0	1	0.22126631202645258	6	-0.5655157492027665	0	1.0	12.0	3	12.0	2	12.0	3	63	0.6314	-0.14604761904761904	-0.00030000000000000165	0.0189	41.08695652173913	0.046	0.0271
453	152	344	0.02997560125479261	0	1	0.3851826383385141	6	-0.3807173561610061	0	1.0	16.0	3	16.0	1	16.0	2	233	0.5539	-0.1312178571428571	-0.0005000000000000004	0.014499999999999999	19.07894736842105	0.076	0.0615
475	16	31	0.25833333333333336	0	1	0.4110119047619048	4	-0.12656641604010024	0	1.0	16.0	3	16.0	1	16.0	2	14	0.5016	-0.10868373015873016	-0.0001999999999999988	0.012999999999999998	20.061728395061724	0.0648	0.0518
542	112	203	0.03265765765765766	0	1	0.3764434007868882	11	-0.18987508850167073	0	1.0	11.0	3	11.0	3	11.0	3	99	0.6494	-0.2070686507936508	-9.99999999999994e-05	0.0204	41.04627766599598	0.0497	0.0293
712	37	141	0.21171171171171171	0	1	0.6449022655919208	5	-0.09560348017338859	0	1.0	16.0	2	16.0	2	16.0	2	324	0.3786	-0.0893095238095238	-0.0001999999999999988	0.0085	24.147727272727273	0.0352	0.0267
63	143	308	0.030335861321776816	0	1	0.35400292981270476	6	-0.4712761530412205	0	1.0	14.0	3	14.0	1	14.0	3	257	0.5625	-0.12700674603174605	-0.0007999999999999952	0.015	26.223776223776223	0.0572	0.0422
620	8	10	0.35714285714285715	0	1	0.5	3	-0.31782945736434104	0	1.0	12.0	2	12.0	3	12.0	3	3	113.7585	-0.5797384920634919	-0.00019999999999999998	0.0094	92.15686274509804	0.0102	0.0008
351	102	312	0.060570762958648806	0	1	0.46044667390050736	10	-0.1658959086920957	0	1.0	14.0	1	14.0	3	14.0	3	305	0.4801	-0.1444690476190476	-0.00020000000000000573	0.010999999999999996	14.686248331108139	0.0749	0.0639
478	21	32	0.1523809523809524	0	1	0.3424036281179138	5	-0.3055948293274086	0	1.0	12.0	2	12.0	3	12.0	3	12	0.6035	-0.14422261904761904	-0.0010000000000000009	0.0194	43.49775784753363	0.0446	0.0252
545	60	177	0.1	0	1	0.4866510657958027	7	-0.07710821779262844	0	1.0	12.0	2	12.0	3	12.0	3	186	0.45420000000000005	-0.1253928571428571	-0.0004999999999999935	0.014699999999999998	20.08196721311475	0.0732	0.0585
8	151	482	0.042560706401766006	0	1	0.3270655849021109	6	-0.2871497916049049	0	1.0	16.0	3	16.0	3	16.0	0	596	0.45899999999999996	-0.11022142857142857	-9.999999999998899e-05	0.011499999999999996	15.11169513797634	0.0761	0.0646
288	33	80	0.15151515151515152	0	2	0.37481306572215667	5	-0.5579476861167003	0	1.0	12.0	3	12.0	2	12.0	3	56	0.5009	-0.11450436507936508	-0.0005999999999999998	0.019700000000000002	46.352941176470594	0.0425	0.0228
6	96	271	0.059429824561403506	0	1	0.6816114541091044	8	-0.4177940343760017	0	1.0	16.0	1	16.0	3	16.0	2	301	0.522	-0.13750515873015873	-0.00010000000000000286	0.016100000000000003	25.156250000000004	0.064	0.0479
636	31	78	0.16774193548387098	0	1	0.6565423823488342	7	-0.41520713162034617	0	1.0	12.0	2	12.0	3	12.0	3	72	0.5190999999999999	-0.14453849206349206	-0.0001999999999999988	0.014600000000000002	22.290076335877863	0.0655	0.0509
21	151	482	0.042560706401766006	0	1	0.3270655849021109	6	-0.2871497916049049	0	1.0	16.0	3	16.0	3	16.0	0	596	0.45899999999999996	-0.11022222222222221	-9.999999999998899e-05	0.011499999999999996	15.11169513797634	0.0761	0.0646
333	110	273	0.04553794829024187	0	1	0.6991490593492693	9	-0.4106429451798197	0	1.0	14.0	3	14.0	2	14.0	2	233	0.5969	-0.17196944444444442	-0.00030000000000000165	0.0138	26.900584795321635	0.0513	0.0375
513	112	203	0.03265765765765766	0	1	0.3764434007868882	11	-0.18987508850167073	0	1.0	11.0	3	11.0	3	11.0	3	99	0.6494	-0.20706865079365078	-9.99999999999994e-05	0.0204	41.04627766599598	0.0497	0.0293
449	92	209	0.04992833253702819	0	1	0.5912677884065353	5	-0.49813998804545634	0	1.0	16.0	3	16.0	3	16.0	0	154	0.5498000000000001	-0.1234011904761905	-0.0005999999999999964	0.014399999999999996	27.067669172932323	0.0532	0.0388
235	53	343	0.24891146589259797	0	3	0.26783142704582646	5	0.05241945129335968	0	0.1	11.0	3	11.0	3	11.0	3	602	0.2304	-0.06111904761904762	-0.0015999999999999973	0.008099999999999996	14.889705882352935	0.0544	0.0463
99	42	87	0.10104529616724739	0	1	0.32500494674407726	4	-0.5479139235206294	0	1.0	14.0	3	14.0	2	14.0	2	56	0.49760000000000004	-0.1002825396825397	-0.0001999999999999988	0.0182	32.21238938053098	0.0565	0.0383
208	53	343	0.24891146589259797	0	3	0.26783142704582646	5	0.05241945129335968	0	0.1	11.0	3	11.0	3	11.0	3	602	0.2303	-0.060945634920634914	-0.0015000000000000013	0.008	14.705882352941178	0.0544	0.0464
858	9	8	0.2222222222222222	0	1	0.0	3	-0.7530864197530864	1	1.0	12.0	3	12.0	3	12.0	2	0	89.793	-0.4889035714285714	-0.00010000000000000005	0.0135	90.0	0.015	0.0015
842	21	28	0.13333333333333333	0	1	0.2430205415499533	4	-0.6194638694638696	0	1.0	12.0	3	12.0	2	12.0	3	8	0.5197	-0.08990515873015874	-0.003100000000000002	0.0269	53.69261477045908	0.0501	0.0232
237	53	343	0.24891146589259797	0	3	0.26783142704582646	5	0.05241945129335968	0	0.1	11.0	3	11.0	3	11.0	3	602	0.2304	-0.06111904761904762	-0.0015999999999999973	0.008099999999999996	14.889705882352935	0.0544	0.0463
550	60	177	0.1	0	1	0.4866510657958027	7	-0.07710821779262844	0	1.0	12.0	2	12.0	3	12.0	3	186	0.45420000000000005	-0.1253928571428571	-0.0004999999999999935	0.014699999999999998	20.08196721311475	0.0732	0.0585
557	82	151	0.04546823246010238	0	1	0.352621530555286	5	-0.43115215572097654	0	1.0	11.0	3	11.0	3	11.0	3	96	0.5723999999999999	-0.12587023809523806	-0.0001999999999999988	0.020999999999999998	42.94478527607362	0.0489	0.0279
532	112	203	0.03265765765765766	0	1	0.3764434007868882	11	-0.18987508850167073	0	1.0	16.0	0	16.0	3	16.0	3	99	0.6434	-0.24743921568627447	-0.0033000000000000043	0.014400000000000003	28.973843058350106	0.0497	0.0353
133	199	534	0.027105223085122584	0	1	0.4823303697269439	6	-0.40639532572917547	0	1.0	16.0	1	16.0	3	16.0	2	489	0.5219	-0.12561269841269845	-0.0007000000000000062	0.011200000000000002	13.625304136253044	0.0822	0.071
850	8	17	0.6071428571428571	0	2	0.5470238095238096	2	-0.3923809523809524	0	1.0	20.0	1	20.0	1	20.0	3	10	201.8162	-5.321703968253968	-0.0020999999999999908	0.0058	5.918367346938775	0.098	0.0922
454	152	344	0.02997560125479261	0	1	0.3851826383385141	6	-0.3807173561610061	0	1.0	16.0	3	16.0	1	16.0	2	233	0.5538	-0.13111944444444446	-0.0005000000000000004	0.014399999999999996	18.947368421052627	0.076	0.0616
106	212	895	0.040016095859787174	0	1	0.4959456250011327	7	-0.3133091927783211	0	0.1	11.0	3	11.0	3	11.0	3	1398	0.4052	-0.1221631313131313	-0.001799999999999996	0.009499999999999995	10.428100987925351	0.0911	0.0816
352	102	312	0.060570762958648806	0	1	0.46044667390050736	10	-0.1658959086920957	0	1.0	14.0	1	14.0	3	14.0	3	305	0.4801	-0.1444690476190476	-0.00020000000000000573	0.010999999999999996	14.686248331108139	0.0749	0.0639
499	30	71	0.1632183908045977	0	1	0.6693961593961594	5	-0.4850333909624055	0	1.0	14.0	2	14.0	3	14.0	2	62	0.5185	-0.1288265873015873	-0.000899999999999998	0.0143	28.486055776892428	0.0502	0.0359
639	39	48	0.06477732793522267	0	1	0.15391398724732058	4	-0.6118068755407531	0	1.0	14.0	2	14.0	3	14.0	2	12	0.5750000000000001	-0.10107579365079365	-0.0008000000000000004	0.0197	63.141025641025635	0.0312	0.0115
35	213	684	0.03029497741163965	0	1	0.3664639103760037	6	-0.41557801107125253	0	1.0	16.0	1	16.0	3	16.0	2	1114	3.6342	-0.13258240000000002	-0.0011999999999999997	0.010599999999999991	15.340086830680164	0.0691	0.0585
861	8	25	0.8928571428571429	0	5	0.8839285714285715	2	-0.24521072796934862	0	0.1	14.0	2	14.0	3	14.0	2	39	270.2668	-7.077704365079364	-9.99999999999994e-05	0.0057	18.75	0.0304	0.0247
481	35	51	0.08571428571428572	0	1	0.2747074829931973	5	-0.5618898186889817	0	1.0	12.0	3	12.0	3	12.0	2	21	0.5621	-0.10739523809523809	-0.0005000000000000004	0.022000000000000002	54.320987654320994	0.0405	0.0185
66	135	362	0.04002211166390271	0	1	0.40194794606558687	6	-0.5070076383717068	0	1.0	16.0	1	16.0	2	16.0	3	306	0.5181	-0.11376111111111112	-0.00010000000000000286	0.013400000000000002	20.647149460708786	0.0649	0.0515
373	91	173	0.04224664224664225	0	1	0.36980359450498	8	-0.460616104929416	0	1.0	12.0	2	12.0	3	12.0	3	109	0.5992000000000001	-0.16178095238095236	-0.0005999999999999964	0.019699999999999995	35.559566787003604	0.0554	0.0357
279	53	343	0.24891146589259797	0	3	0.26783142704582646	5	0.05241945129335968	0	0.1	11.0	3	11.0	3	11.0	3	602	0.2304	-0.06111904761904762	-0.0015999999999999973	0.008099999999999996	14.889705882352935	0.0544	0.0463
95	28	49	0.12962962962962962	0	1	0.3281307977736549	5	-0.5431472081218274	0	1.0	12.0	3	12.0	3	12.0	2	26	0.5742999999999999	-0.1395107142857143	-0.00020000000000000226	0.020800000000000003	48.71194379391101	0.0427	0.0219
59	79	199	0.06458941901979877	0	1	0.6203616315776157	5	-0.45917979340562387	0	1.0	14.0	3	14.0	2	14.0	2	165	0.5073	-0.11214603174603177	-0.0010000000000000009	0.0175	30.2245250431779	0.0579	0.0404
576	26	119	0.36615384615384616	0	1	0.6566153858842593	4	0.042272690880947913	0	1.0	16.0	2	16.0	2	16.0	2	284	0.2986	-0.06863373015873016	-0.0011000000000000038	0.0068000000000000005	11.409395973154362	0.0596	0.0528
580	20	54	0.28421052631578947	0	1	0.545064935064935	4	-0.25612519473162443	0	1.0	16.0	2	16.0	2	16.0	2	54	0.4334	-0.09698253968253968	-0.0014999999999999944	0.014799999999999994	25.084745762711858	0.059	0.0442
242	68	524	0.23002633889376647	0	1	0.6297761739612951	3	-0.8018711786908843	0	0.1	11.0	3	11.0	3	11.0	3	1722	17326.5658	-345.8474369477912	-0.0013999999999999985	0.0039000000000000007	3.9634146341463423	0.0984	0.0945
487	6	7	0.4666666666666667	0	1	0.0	3	-0.47368421052631576	1	1.0	50.0	2	50.0	0	50.0	0	0	558051380.3573	-15020651.159257935	-0.0005000000000000004	0.0012000000000000066	1.1235955056179838	0.1068	0.1056
22	151	482	0.042560706401766006	0	1	0.3270655849021109	6	-0.2871497916049049	0	1.0	16.0	3	16.0	3	16.0	0	596	0.45899999999999996	-0.11022222222222221	-9.999999999998899e-05	0.011499999999999996	15.11169513797634	0.0761	0.0646
340	60	209	0.11807909604519774	0	1	0.8481129772258806	6	-0.6269687560805118	0	1.0	20.0	1	20.0	3	20.0	1	336	0.4494	-0.09447142857142854	-9.999999999999593e-05	0.010999999999999996	15.669515669515663	0.0702	0.0592
258	53	343	0.24891146589259797	0	3	0.26783142704582646	5	0.05241945129335968	0	0.1	33.0	0	33.0	2	33.0	1	602	0.2122	-0.08847121212121212	-0.00010000000000000286	0.00010000000000000286	0.15479876160991154	0.0646	0.0645
551	60	177	0.1	0	1	0.4866510657958027	7	-0.07710821779262844	0	1.0	12.0	2	12.0	3	12.0	3	186	0.4539	-0.12509563492063494	-0.0001999999999999988	0.014400000000000003	19.672131147540988	0.0732	0.0588
12	151	482	0.042560706401766006	0	1	0.3270655849021109	6	-0.2871497916049049	0	1.0	16.0	3	16.0	3	16.0	0	596	0.45899999999999996	-0.11022142857142857	-9.999999999998899e-05	0.011499999999999996	15.11169513797634	0.0761	0.0646
274	53	343	0.24891146589259797	0	3	0.26783142704582646	5	0.05241945129335968	0	0.1	11.0	3	11.0	3	11.0	3	602	0.2304	-0.06111904761904762	-0.0015999999999999973	0.008099999999999996	14.889705882352935	0.0544	0.0463
259	53	343	0.24891146589259797	0	3	0.26783142704582646	5	0.05241945129335968	0	0.1	11.0	3	11.0	3	11.0	3	602	0.2304	-0.060984920634920635	-0.0015999999999999973	0.008099999999999996	14.889705882352935	0.0544	0.0463
43	135	383	0.04234383637368712	0	1	0.40412769567244966	7	-0.41835886225433716	0	1.0	11.0	3	11.0	3	11.0	3	314	0.49799999999999994	-0.13108809523809523	-0.0012000000000000066	0.012700000000000003	17.02412868632708	0.0746	0.0619
248	53	343	0.24891146589259797	0	3	0.26783142704582646	5	0.05241945129335968	0	0.1	11.0	3	11.0	3	11.0	3	602	0.2304	-0.06111904761904762	-0.0015999999999999973	0.008099999999999996	14.889705882352935	0.0544	0.0463
413	86	194	0.05307797537619699	0	1	0.47456577800359395	8	-0.2817640141254943	0	1.0	14.0	2	14.0	2	14.0	3	135	0.5785	-0.172765873015873	-0.0003999999999999976	0.016099999999999996	29.595588235294112	0.0544	0.0383
317	70	192	0.07950310559006211	0	1	0.7198873784023284	4	-0.6933596513739024	0	1.0	16.0	2	16.0	1	16.0	3	217	0.4725	-0.07983293650793649	-0.0003999999999999976	0.013699999999999997	21.919999999999995	0.0625	0.0488
706	33	93	0.17613636363636365	0	2	0.5875202238838602	5	-0.002344302901627753	0	1.0	14.0	3	14.0	2	14.0	2	87	0.44710000000000005	-0.11899801587301584	-0.0010000000000000009	0.0157	22.655122655122653	0.0693	0.0536
47	135	383	0.04234383637368712	0	1	0.40412769567244966	7	-0.41835886225433716	0	1.0	11.0	3	11.0	3	11.0	3	314	0.49799999999999994	-0.13108809523809523	-0.0012000000000000066	0.012700000000000003	17.02412868632708	0.0746	0.0619
505	112	203	0.03265765765765766	0	1	0.3764434007868882	11	-0.18987508850167073	0	1.0	11.0	3	11.0	3	11.0	3	99	0.6494	-0.20706865079365078	-9.99999999999994e-05	0.0204	41.04627766599598	0.0497	0.0293
120	66	98	0.04568764568764569	0	1	0.21216090672612414	4	-0.5034525249741969	0	1.0	12.0	3	12.0	3	12.0	2	49	0.5730000000000001	-0.10580476190476187	-0.0005000000000000004	0.019000000000000003	49.222797927461144	0.0386	0.0196
124	135	259	0.02863460475400774	0	1	0.23858004626120563	5	-0.40486877009830874	0	1.0	12.0	2	12.0	3	12.0	3	215	0.5656	-0.12010357142857145	-0.0001999999999999988	0.0211	41.45383104125737	0.0509	0.0298
213	53	343	0.24891146589259797	0	3	0.26783142704582646	5	0.05241945129335968	0	0.1	11.0	3	11.0	3	11.0	3	602	0.2304	-0.061045238095238104	-0.0015999999999999973	0.008099999999999996	14.889705882352935	0.0544	0.0463
320	110	273	0.04553794829024187	0	1	0.6991490593492693	9	-0.4106429451798197	0	1.0	14.0	3	14.0	2	14.0	2	233	0.5969	-0.17196944444444442	-0.00030000000000000165	0.0138	26.900584795321635	0.0513	0.0375
579	20	36	0.18947368421052632	0	1	0.40555555555555556	5	-0.2903650115093717	0	1.0	14.0	1	14.0	3	14.0	3	21	0.5323	-0.11369126984126982	-0.0007999999999999952	0.012400000000000001	26.326963906581742	0.0471	0.0347
522	112	203	0.03265765765765766	0	1	0.3764434007868882	11	-0.18987508850167073	0	1.0	11.0	3	11.0	3	11.0	3	99	0.6494	-0.20706944444444444	-9.99999999999994e-05	0.0204	41.04627766599598	0.0497	0.0293
30	151	482	0.042560706401766006	0	1	0.3270655849021109	6	-0.2871497916049049	0	1.0	16.0	3	16.0	3	16.0	0	596	0.45899999999999996	-0.11022222222222221	-9.999999999998899e-05	0.011499999999999996	15.11169513797634	0.0761	0.0646
425	139	314	0.03273902617036805	0	1	0.33315177984086214	6	-0.4016465326828136	0	1.0	16.0	3	16.0	3	16.0	0	278	0.5527	-0.12664087301587298	-0.000899999999999998	0.012900000000000002	20.873786407766993	0.0618	0.0489
653	44	74	0.07822410147991543	0	1	0.3523752396186414	5	-0.4855849394618902	0	1.0	12.0	2	12.0	3	12.0	3	44	0.5522	-0.10947420634920635	-0.0003999999999999976	0.0226	56.21890547263681	0.0402	0.0176
294	116	646	0.09685157421289356	0	2	0.7940345394377756	4	-0.4357618115659774	0	0.1	11.0	3	11.0	3	11.0	3	1533	0.3177	-0.06490952380952379	-0.0006999999999999923	0.008899999999999991	11.014851485148505	0.0808	0.0719
626	13	40	0.5128205128205128	0	2	0.7835164835164836	3	-0.033672670321065024	0	1.0	20.0	3	20.0	1	20.0	1	51	0.3223	-0.07423531746031746	-0.0003999999999999976	0.0068000000000000005	14.592274678111588	0.0466	0.0398
82	200	461	0.023165829145728643	0	1	0.3997783287872998	8	-0.3956761913312752	0	1.0	12.0	3	12.0	3	12.0	2	326	0.5676	-0.14661031746031747	-0.0001999999999999988	0.009699999999999993	14.764079147640782	0.0657	0.056
246	53	343	0.24891146589259797	0	3	0.26783142704582646	5	0.05241945129335968	0	0.1	11.0	3	11.0	3	11.0	3	602	0.2304	-0.06111904761904762	-0.0015999999999999973	0.008099999999999996	14.889705882352935	0.0544	0.0463
54	79	199	0.06458941901979877	0	1	0.6203616315776157	5	-0.45917979340562387	0	1.0	14.0	3	14.0	2	14.0	2	165	0.507	-0.11184841269841266	-0.0010000000000000009	0.0172	29.70639032815199	0.0579	0.0407
500	30	71	0.1632183908045977	0	1	0.6693961593961594	5	-0.4850333909624055	0	1.0	14.0	2	14.0	3	14.0	2	62	0.5185	-0.12882023809523813	-0.0012999999999999956	0.0143	28.486055776892428	0.0502	0.0359
543	60	177	0.1	0	1	0.4866510657958027	7	-0.07710821779262844	0	1.0	12.0	2	12.0	3	12.0	3	186	0.19979999999999998	-0.013542307692307694	-0.0004999999999999935	0.014699999999999998	20.08196721311475	0.0732	0.0585
402	63	162	0.08294930875576037	0	1	0.5866153898244996	8	-0.12396676474511611	0	1.0	14.0	2	14.0	2	14.0	3	130	0.54	-0.16191269841269842	-0.0003999999999999976	0.0224	45.07042253521127	0.0497	0.0273
654	44	74	0.07822410147991543	0	1	0.3523752396186414	5	-0.4855849394618902	0	1.0	12.0	2	12.0	3	12.0	3	44	0.5522	-0.10947420634920635	-0.0003999999999999976	0.0226	56.21890547263681	0.0402	0.0176
437	77	177	0.06049213943950786	0	1	0.3676436546591327	6	-0.4890383743925722	0	1.0	14.0	2	14.0	3	14.0	2	109	0.5083	-0.11333373015873015	-0.0008000000000000021	0.012200000000000003	17.231638418079097	0.0708	0.0586
7	151	482	0.042560706401766006	0	1	0.3270655849021109	6	-0.2871497916049049	0	1.0	16.0	3	16.0	3	16.0	0	596	0.45899999999999996	-0.11022142857142857	-9.999999999998899e-05	0.011499999999999996	15.11169513797634	0.0761	0.0646
319	110	273	0.04553794829024187	0	1	0.6991490593492693	9	-0.4106429451798197	0	1.0	14.0	3	14.0	2	14.0	2	233	0.5969	-0.17196944444444442	-0.00030000000000000165	0.0138	26.900584795321635	0.0513	0.0375
46	135	383	0.04234383637368712	0	1	0.40412769567244966	7	-0.41835886225433716	0	1.0	11.0	3	11.0	3	11.0	3	314	0.49799999999999994	-0.13108809523809523	-0.0012000000000000066	0.012700000000000003	17.02412868632708	0.0746	0.0619
25	151	482	0.042560706401766006	0	1	0.3270655849021109	6	-0.2871497916049049	0	1.0	16.0	3	16.0	3	16.0	0	596	0.45899999999999996	-0.11022142857142854	-9.999999999998899e-05	0.011499999999999996	15.11169513797634	0.0761	0.0646
455	152	344	0.02997560125479261	0	1	0.3851826383385141	6	-0.3807173561610061	0	1.0	16.0	3	16.0	1	16.0	2	233	0.5538	-0.1311210317460318	-0.0005000000000000004	0.014399999999999996	18.947368421052627	0.076	0.0616
323	110	273	0.04553794829024187	0	1	0.6991490593492693	9	-0.4106429451798197	0	1.0	14.0	3	14.0	2	14.0	2	233	0.5969	-0.17196944444444442	-0.00030000000000000165	0.0138	26.900584795321635	0.0513	0.0375
316	110	273	0.04553794829024187	0	1	0.6991490593492693	9	-0.4106429451798197	0	1.0	14.0	3	14.0	2	14.0	2	233	0.5969	-0.17196944444444445	-0.00030000000000000165	0.0138	26.900584795321635	0.0513	0.0375
581	28	54	0.14285714285714285	0	1	0.4884637188208617	5	-0.2713675213675213	0	1.0	14.0	3	14.0	1	14.0	3	35	0.5506	-0.1319761904761905	-0.0011999999999999997	0.0199	38.122605363984675	0.0522	0.0323
62	79	199	0.06458941901979877	0	1	0.6203616315776157	5	-0.45917979340562387	0	1.0	14.0	3	14.0	2	14.0	2	165	0.507	-0.11184841269841271	-0.0010000000000000009	0.0172	29.70639032815199	0.0579	0.0407
422	85	173	0.0484593837535014	0	1	0.4153877324721314	7	-0.42241962384806353	0	1.0	12.0	2	12.0	3	12.0	3	105	0.5857	-0.1633027777777778	-0.0005000000000000004	0.020900000000000002	36.66666666666667	0.057	0.0361
365	165	428	0.03163340724316334	0	1	0.41940876838649743	8	-0.4589147692068438	0	1.0	16.0	3	16.0	3	16.0	0	387	0.5357	-0.140465873015873	-0.0005000000000000004	0.012499999999999997	17.70538243626062	0.0706	0.0581
451	152	344	0.02997560125479261	0	1	0.3851826383385141	6	-0.3807173561610061	0	1.0	16.0	3	16.0	1	16.0	2	233	0.5539	-0.13121666666666668	-0.0005000000000000004	0.014499999999999999	19.07894736842105	0.076	0.0615
371	73	134	0.05098934550989345	0	1	0.2608176120087974	7	-0.4073066611728908	0	1.0	14.0	3	14.0	1	14.0	3	82	0.5849	-0.14376785714285711	-0.0005000000000000004	0.0204	37.22627737226277	0.0548	0.0344
126	135	259	0.02863460475400774	0	1	0.23858004626120563	5	-0.40486877009830874	0	1.0	12.0	2	12.0	3	12.0	3	215	0.5656	-0.12010357142857145	-0.0001999999999999988	0.0211	41.45383104125737	0.0509	0.0298
571	35	94	0.15798319327731092	0	2	0.09695338477947171	4	-0.7480125926393363	0	1.0	12.0	2	12.0	3	12.0	3	26	0.5106	-0.1248769841269841	-0.0017999999999999995	0.027299999999999998	86.94267515923568	0.0314	0.0041
339	69	161	0.06862745098039216	0	1	0.6894906015229574	5	-0.5824393972607274	0	1.0	16.0	3	16.0	3	16.0	0	129	0.5423	-0.11443928571428573	-0.001299999999999999	0.012600000000000004	34.806629834254146	0.0362	0.0236
301	116	646	0.09685157421289356	0	2	0.7940345394377756	4	-0.4357618115659774	0	0.1	11.0	3	11.0	3	11.0	3	1533	0.3177	-0.06489603174603174	-0.0006999999999999923	0.008899999999999991	11.014851485148505	0.0808	0.0719
531	112	203	0.03265765765765766	0	1	0.3764434007868882	11	-0.18987508850167073	0	1.0	11.0	3	11.0	3	11.0	3	99	0.6494	-0.2070686507936508	-9.99999999999994e-05	0.0204	41.04627766599598	0.0497	0.0293
591	22	72	0.3116883116883117	0	1	0.7479007104007103	5	-0.015085295361624129	0	1.0	14.0	3	14.0	1	14.0	3	137	0.4191	-0.09783373015873016	-0.0012000000000000031	0.008500000000000004	21.46464646464647	0.0396	0.0311
93	144	330	0.03205128205128205	0	1	0.3616192689820579	6	-0.39451622984506685	0	1.0	16.0	3	16.0	3	16.0	0	243	0.5591	-0.14459444444444444	-0.0003999999999999976	0.014400000000000003	24.827586206896555	0.058	0.0436
470	19	32	0.1871345029239766	0	1	0.3157894736842105	6	-0.7604069067059296	0	1.0	16.0	3	16.0	2	16.0	1	9	0.5536	-0.11835912698412698	-0.0003999999999999976	0.006400000000000003	11.034482758620694	0.058	0.0516
409	32	81	0.16330645161290322	0	1	0.4650726010101009	5	-0.1902917771883289	0	1.0	12.0	3	12.0	2	12.0	3	81	0.48200000000000004	-0.12094365079365083	-0.0011000000000000038	0.0157	25.950413223140494	0.0605	0.0448
14	151	482	0.042560706401766006	0	1	0.3270655849021109	6	-0.2871497916049049	0	1.0	16.0	3	16.0	3	16.0	0	596	0.45899999999999996	-0.11022222222222221	-9.999999999998899e-05	0.011499999999999996	15.11169513797634	0.0761	0.0646
407	73	311	0.11834094368340943	0	1	0.6219676751898311	6	0.015963023183065434	0	1.0	20.0	3	20.0	0	20.0	2	723	0.3806	-0.09987579365079363	-0.0006999999999999992	0.011699999999999995	19.499999999999993	0.06	0.0483
529	112	203	0.03265765765765766	0	1	0.3764434007868882	11	-0.18987508850167073	0	1.0	11.0	3	11.0	3	11.0	3	99	0.6494	-0.2070686507936508	-9.99999999999994e-05	0.0204	41.04627766599598	0.0497	0.0293
439	84	169	0.04847963281698221	0	1	0.24839394818024196	6	-0.642116868672725	0	1.0	14.0	3	14.0	1	14.0	3	117	0.5656	-0.1286238095238095	-0.0005000000000000004	0.0184	34.98098859315589	0.0526	0.0342
1	139	749	0.07809404650192889	0	1	0.6996180829899923	8	-0.3453526251706895	0	0.1	11.0	3	11.0	3	11.0	3	1820	130.36430000000001	-0.6127853174603175	-0.0003000000000000086	0.006100000000000008	8.495821727019509	0.0718	0.0657
537	112	203	0.03265765765765766	0	1	0.3764434007868882	11	-0.18987508850167073	0	1.0	11.0	3	11.0	3	11.0	3	99	0.6494	-0.20706865079365078	-9.99999999999994e-05	0.0204	41.04627766599598	0.0497	0.0293
355	102	312	0.060570762958648806	0	1	0.46044667390050736	10	-0.1658959086920957	0	1.0	14.0	1	14.0	3	14.0	3	305	0.4801	-0.1444690476190476	-0.00020000000000000573	0.010999999999999996	14.686248331108139	0.0749	0.0639
410	86	194	0.05307797537619699	0	1	0.47456577800359395	8	-0.2817640141254943	0	1.0	14.0	2	14.0	2	14.0	3	135	0.5785	-0.172765873015873	-0.0003999999999999976	0.016099999999999996	29.595588235294112	0.0544	0.0383
305	110	273	0.04553794829024187	0	1	0.6991490593492693	9	-0.4106429451798197	0	1.0	14.0	3	14.0	2	14.0	2	233	0.5969	-0.17196944444444445	-0.00030000000000000165	0.0138	26.900584795321635	0.0513	0.0375
3	96	271	0.059429824561403506	0	1	0.6816114541091044	8	-0.4177940343760017	0	1.0	16.0	1	16.0	3	16.0	2	301	0.5217999999999999	-0.13730992063492062	-0.00020000000000000573	0.015900000000000004	24.843750000000007	0.064	0.0481
53	27	65	0.18518518518518517	0	1	0.691358024691358	6	-0.602176804170498	0	1.0	16.0	3	16.0	1	16.0	2	63	0.506	-0.11927301587301586	-0.0001999999999999988	0.013199999999999996	20.214395099540578	0.0653	0.0521
546	60	177	0.1	0	1	0.4866510657958027	7	-0.07710821779262844	0	1.0	12.0	2	12.0	3	12.0	3	186	0.45420000000000005	-0.1253928571428571	-0.0004999999999999935	0.014699999999999998	20.08196721311475	0.0732	0.0585
494	74	154	0.05701592002961866	0	1	0.3991511171945955	11	-0.309379391308988	0	1.0	14.0	3	14.0	1	14.0	3	115	0.5749	-0.1552706349206349	-0.0003999999999999976	0.016	29.09090909090909	0.055	0.039
403	63	162	0.08294930875576037	0	1	0.5866153898244996	8	-0.12396676474511611	0	1.0	14.0	2	14.0	2	14.0	3	130	0.54	-0.1619126984126984	-0.0003999999999999976	0.0224	45.07042253521127	0.0497	0.0273
20	151	482	0.042560706401766006	0	1	0.3270655849021109	6	-0.2871497916049049	0	1.0	16.0	3	16.0	3	16.0	0	596	0.45899999999999996	-0.11022142857142857	-9.999999999998899e-05	0.011499999999999996	15.11169513797634	0.0761	0.0646
197	53	343	0.24891146589259797	0	3	0.26783142704582646	5	0.05241945129335968	0	0.1	11.0	3	11.0	3	11.0	3	602	0.2303	-0.06098531746031746	-0.0015000000000000013	0.008	14.705882352941178	0.0544	0.0464
400	63	162	0.08294930875576037	0	1	0.5866153898244996	8	-0.12396676474511611	0	1.0	14.0	2	14.0	2	14.0	3	130	0.54	-0.1619126984126984	-0.0003999999999999976	0.0224	45.07042253521127	0.0497	0.0273
347	112	435	0.06998069498069498	0	1	0.5133748733345507	5	-0.4170169983597983	0	1.0	16.0	1	16.0	2	16.0	3	833	89.23790000000001	-1.0502008	-9.999999999998899e-05	0.011499999999999996	15.211640211640207	0.0756	0.0641
641	19	39	0.22807017543859648	0	1	0.5796992481203007	5	-0.08986301369863012	0	1.0	20.0	3	20.0	0	20.0	2	25	0.5317	-0.12397579365079364	-0.0004000000000000045	0.010000000000000002	22.67573696145125	0.0441	0.0341
336	110	273	0.04553794829024187	0	1	0.6991490593492693	9	-0.4106429451798197	0	1.0	14.0	3	14.0	2	14.0	2	233	0.5969	-0.17196944444444445	-0.00030000000000000165	0.0138	26.900584795321635	0.0513	0.0375
549	60	177	0.1	0	1	0.4866510657958027	7	-0.07710821779262844	0	1.0	12.0	2	12.0	3	12.0	3	186	0.45380000000000004	-0.12499444444444444	-9.999999999999593e-05	0.0143	19.53551912568306	0.0732	0.0589
146	6	8	0.5333333333333333	0	1	0.3333333333333333	3	-0.06666666666666665	0	1.0	50.0	2	50.0	0	50.0	0	2	552355791.9788	-14997977.932456747	-9.999999999999593e-05	0.0005000000000000004	0.8417508417508425	0.0594	0.0589
84	202	491	0.0241860006896212	0	1	0.45241654296344475	6	-0.4533984666368985	0	0.1	20.0	0	20.0	3	20.0	2	372	0.5464	-0.2440275362318841	-0.005199999999999996	0.011799999999999991	13.849765258215951	0.0852	0.0734
553	60	177	0.1	0	1	0.4866510657958027	7	-0.07710821779262844	0	1.0	12.0	2	12.0	3	12.0	3	186	0.45420000000000005	-0.1253928571428571	-0.0004999999999999935	0.014699999999999998	20.08196721311475	0.0732	0.0585
584	14	17	0.18681318681318682	0	1	0.22670068027210882	5	-0.37837837837837834	0	1.0	16.0	2	16.0	1	16.0	3	5	0.6031	-0.13564960317460317	-9.999999999999983e-05	0.0185	85.25345622119815	0.0217	0.0032
353	102	312	0.060570762958648806	0	1	0.46044667390050736	10	-0.1658959086920957	0	1.0	14.0	1	14.0	3	14.0	3	305	0.4801	-0.1444690476190476	-0.00020000000000000573	0.010999999999999996	14.686248331108139	0.0749	0.0639
415	86	194	0.05307797537619699	0	1	0.47456577800359395	8	-0.2817640141254943	0	1.0	14.0	2	14.0	2	14.0	3	135	0.5785	-0.17276309523809524	-9.999999999999593e-05	0.016099999999999996	29.595588235294112	0.0544	0.0383
67	135	362	0.04002211166390271	0	1	0.40194794606558687	6	-0.5070076383717068	0	1.0	16.0	1	16.0	2	16.0	3	306	0.5181	-0.11376031746031748	-0.00010000000000000286	0.013400000000000002	20.647149460708786	0.0649	0.0515
0	96	271	0.059429824561403506	0	1	0.6816114541091044	8	-0.4177940343760017	0	1.0	16.0	1	16.0	3	16.0	2	301	0.522	-0.13750515873015873	-0.00010000000000000286	0.016100000000000003	25.156250000000004	0.064	0.0479
137	36	187	0.2968253968253968	0	2	0.5413481785704009	3	-0.5184817653399805	0	1.0	16.0	1	16.0	2	16.0	3	478	0.2871	-0.06121507936507939	-0.00020000000000000573	0.007200000000000005	13.308687615526809	0.0541	0.0469
703	24	49	0.17753623188405798	0	1	0.4488636363636364	5	-0.2701525054466231	0	1.0	16.0	3	16.0	1	16.0	2	27	0.5264	-0.13055952380952382	-0.0001999999999999988	0.021300000000000003	45.22292993630573	0.0471	0.0258
141	32	103	0.20766129032258066	0	1	0.17549522845575477	3	-0.6417993833759817	0	1.0	16.0	0	16.0	3	16.0	3	23	0.4086	-0.09472777777777777	-0.0011000000000000003	0.013799999999999996	31.011235955056172	0.0445	0.0307
65	135	362	0.04002211166390271	0	1	0.40194794606558687	6	-0.5070076383717068	0	1.0	16.0	1	16.0	2	16.0	3	306	0.5181	-0.11376111111111112	-0.00010000000000000286	0.013400000000000002	20.647149460708786	0.0649	0.0515
37	135	383	0.04234383637368712	0	1	0.40412769567244966	7	-0.41835886225433716	0	1.0	11.0	3	11.0	3	11.0	3	314	0.49799999999999994	-0.13108809523809523	-0.0012000000000000066	0.012700000000000003	17.02412868632708	0.0746	0.0619
77	200	461	0.023165829145728643	0	1	0.3997783287872998	8	-0.3956761913312752	0	1.0	12.0	3	12.0	3	12.0	2	326	0.5676	-0.14661031746031747	-0.0001999999999999988	0.009699999999999993	14.764079147640782	0.0657	0.056
226	53	343	0.24891146589259797	0	3	0.26783142704582646	5	0.05241945129335968	0	0.1	11.0	3	11.0	3	11.0	3	602	0.2304	-0.060984920634920635	-0.0015999999999999973	0.008099999999999996	14.889705882352935	0.0544	0.0463
266	53	343	0.24891146589259797	0	3	0.26783142704582646	5	0.05241945129335968	0	0.1	11.0	3	11.0	3	11.0	3	602	0.2303	-0.06098531746031746	-0.0015000000000000013	0.008	14.705882352941178	0.0544	0.0464
203	53	343	0.24891146589259797	0	3	0.26783142704582646	5	0.05241945129335968	0	0.1	11.0	3	11.0	3	11.0	3	602	0.2304	-0.06111904761904761	-0.0015999999999999973	0.008099999999999996	14.889705882352935	0.0544	0.0463
627	9	24	0.6666666666666666	0	2	0.8455026455026454	3	-0.19548872180451127	0	1.0	25.0	1	25.0	0	25.0	3	30	194.47150000000002	-3.4727373015873013	-0.0001999999999999988	0.0023000000000000034	6.666666666666677	0.0345	0.0322
254	53	343	0.24891146589259797	0	3	0.26783142704582646	5	0.05241945129335968	0	0.1	11.0	3	11.0	3	11.0	3	602	0.2303	-0.06098373015873017	-0.0015000000000000013	0.008	14.705882352941178	0.0544	0.0464
11	151	482	0.042560706401766006	0	1	0.3270655849021109	6	-0.2871497916049049	0	1.0	16.0	3	16.0	3	16.0	0	596	0.45899999999999996	-0.11022222222222221	-9.999999999998899e-05	0.011499999999999996	15.11169513797634	0.0761	0.0646
716	21	124	0.5904761904761905	0	1	0.673569854883433	3	-0.3767408061041757	0	0.1	12.0	3	12.0	3	12.0	2	393	0.181	-0.03514126984126985	-0.0001999999999999988	0.006099999999999994	9.145427286356814	0.0667	0.0606
222	53	343	0.24891146589259797	0	3	0.26783142704582646	5	0.05241945129335968	0	0.1	11.0	3	11.0	3	11.0	3	602	0.2303	-0.06094563492063493	-0.0015000000000000013	0.008	14.705882352941178	0.0544	0.0464
123	135	259	0.02863460475400774	0	1	0.23858004626120563	5	-0.40486877009830874	0	1.0	12.0	2	12.0	3	12.0	3	215	0.5656	-0.1201031746031746	-9.99999999999994e-05	0.0211	41.45383104125737	0.0509	0.0298
345	112	435	0.06998069498069498	0	1	0.5133748733345507	5	-0.4170169983597983	0	1.0	16.0	1	16.0	2	16.0	3	833	89.23790000000001	-1.0502008000000003	-9.999999999998899e-05	0.011499999999999996	15.211640211640207	0.0756	0.0641
565	65	121	0.058173076923076925	0	1	0.4403483695791389	13	-0.2948984753233615	0	1.0	14.0	2	14.0	3	14.0	2	70	0.6609999999999999	-0.22600238095238098	-0.0007999999999999986	0.018699999999999998	39.20335429769391	0.0477	0.029
56	90	213	0.05318352059925094	0	1	0.5770925982754699	4	-0.5772478863053432	0	1.0	14.0	3	14.0	1	14.0	3	186	0.5184	-0.09887222222222222	-0.0010000000000000009	0.014799999999999994	23.052959501557623	0.0642	0.0494
83	144	330	0.03205128205128205	0	1	0.3616192689820579	6	-0.39451622984506685	0	1.0	16.0	3	16.0	3	16.0	0	243	0.5591	-0.14459523809523808	-0.0003999999999999976	0.014400000000000003	24.827586206896555	0.058	0.0436
298	86	370	0.1012311901504788	0	1	0.8139106889571028	5	-0.5128508377226842	0	1.0	14.0	3	14.0	1	14.0	3	686	0.3806	-0.07482539682539684	-0.0005999999999999964	0.009999999999999995	15.673981191222563	0.0638	0.0538
245	53	343	0.24891146589259797	0	3	0.26783142704582646	5	0.05241945129335968	0	0.1	11.0	3	11.0	3	11.0	3	602	0.2304	-0.06111904761904762	-0.0015999999999999973	0.008099999999999996	14.889705882352935	0.0544	0.0463
296	116	646	0.09685157421289356	0	2	0.7940345394377756	4	-0.4357618115659774	0	0.1	11.0	3	11.0	3	11.0	3	1533	0.3177	-0.06489603174603174	-0.0006999999999999923	0.008899999999999991	11.014851485148505	0.0808	0.0719
341	112	435	0.06998069498069498	0	1	0.5133748733345507	5	-0.4170169983597983	0	1.0	16.0	1	16.0	2	16.0	3	833	89.8767	-1.3454743999999998	-9.999999999998899e-05	0.011499999999999996	15.211640211640207	0.0756	0.0641
309	110	273	0.04553794829024187	0	1	0.6991490593492693	9	-0.4106429451798197	0	1.0	14.0	3	14.0	2	14.0	2	233	0.5969	-0.17196944444444445	-0.00030000000000000165	0.0138	26.900584795321635	0.0513	0.0375
566	13	25	0.32051282051282054	0	1	0.5217948717948718	4	-0.4747314668075365	0	0.1	12.0	3	12.0	2	12.0	3	13	0.3947	-0.07342817460317462	-0.000900000000000005	0.007000000000000006	10.920436817472707	0.0641	0.0571
48	135	383	0.04234383637368712	0	1	0.40412769567244966	7	-0.41835886225433716	0	1.0	11.0	3	11.0	3	11.0	3	314	0.49799999999999994	-0.13108809523809523	-0.0012000000000000066	0.012700000000000003	17.02412868632708	0.0746	0.0619
588	30	51	0.11724137931034483	0	1	0.433116883116883	7	-0.3577780158560103	0	1.0	11.0	3	11.0	3	11.0	3	29	0.6216	-0.16524404761904762	-0.0024999999999999988	0.028599999999999997	60.98081023454157	0.0469	0.0183
343	112	435	0.06998069498069498	0	1	0.5133748733345507	5	-0.4170169983597983	0	1.0	16.0	1	16.0	2	16.0	3	833	89.23790000000001	-1.0502008	-9.999999999998899e-05	0.011499999999999996	15.211640211640207	0.0756	0.0641
17	101	150	0.0297029702970297	0	1	0.22126631202645258	6	-0.5655157492027665	0	1.0	12.0	3	12.0	2	12.0	3	63	0.6313	-0.14595039682539682	-0.00020000000000000226	0.0188	40.869565217391305	0.046	0.0272
34	213	684	0.03029497741163965	0	1	0.3664639103760037	6	-0.41557801107125253	0	1.0	16.0	1	16.0	3	16.0	2	1114	57.800399999999996	-0.36231832669322717	-0.0011999999999999997	0.010599999999999991	15.340086830680164	0.0691	0.0585
41	213	684	0.03029497741163965	0	1	0.3664639103760037	6	-0.41557801107125253	0	1.0	16.0	1	16.0	3	16.0	2	1114	57.800399999999996	-0.36231832669322706	-0.0011999999999999997	0.010599999999999991	15.340086830680164	0.0691	0.0585
548	60	177	0.1	0	1	0.4866510657958027	7	-0.07710821779262844	0	1.0	12.0	2	12.0	3	12.0	3	186	0.45420000000000005	-0.12539285714285714	-0.0004999999999999935	0.014699999999999998	20.08196721311475	0.0732	0.0585
623	10	11	0.24444444444444444	0	1	0.27380952380952384	3	-0.6615104640582348	0	1.0	14.0	2	14.0	3	14.0	2	2	85.93730000000001	-0.45201666666666657	-0.00010000000000000005	0.022799999999999997	93.82716049382715	0.0243	0.0015
637	14	46	0.5054945054945055	0	2	0.8125850340136055	5	0.32509066930431907	0	0.1	11.0	3	11.0	3	11.0	3	74	0.3771	-0.08824007936507937	-0.0005000000000000004	0.0132	33.41772151898734	0.0395	0.0263
96	161	535	0.041537267080745344	0	1	0.405659109182107	7	-0.3693859614068309	0	1.0	16.0	2	16.0	3	16.0	1	911	75.70609999999999	-1.0949662650602408	-0.00020000000000000573	0.007800000000000001	10.818307905686549	0.0721	0.0643
701	6	11	0.7333333333333333	0	3	0.7111111111111111	2	-0.35616438356164376	0	1.0	25.0	0	25.0	1	25.0	3	7	9999999999.9999	-124481344.59402989	-0.0004	0.0015	93.75	0.0016	0.0001
561	65	121	0.058173076923076925	0	1	0.4403483695791389	13	-0.2948984753233615	0	1.0	14.0	2	14.0	3	14.0	2	70	0.6609999999999999	-0.22600238095238098	-0.0007999999999999986	0.018699999999999998	39.20335429769391	0.0477	0.029
408	73	311	0.11834094368340943	0	1	0.6219676751898311	6	0.015963023183065434	0	1.0	20.0	3	20.0	0	20.0	2	723	0.3806	-0.09987579365079363	-0.0006999999999999992	0.011699999999999995	19.499999999999993	0.06	0.0483
720	27	112	0.3190883190883191	0	1	0.701733303480959	3	-0.31484347101535526	0	1.0	14.0	3	14.0	1	14.0	3	308	0.3221	-0.06506825396825397	-0.0015000000000000013	0.008400000000000005	19.00452488687784	0.0442	0.0358
64	135	362	0.04002211166390271	0	1	0.40194794606558687	6	-0.5070076383717068	0	1.0	16.0	1	16.0	2	16.0	3	306	0.5181	-0.11376031746031748	-0.00010000000000000286	0.013400000000000002	20.647149460708786	0.0649	0.0515
517	112	203	0.03265765765765766	0	1	0.3764434007868882	11	-0.18987508850167073	0	1.0	11.0	3	11.0	3	11.0	3	99	0.6494	-0.2070686507936508	-9.99999999999994e-05	0.0204	41.04627766599598	0.0497	0.0293
303	116	646	0.09685157421289356	0	2	0.7940345394377756	4	-0.4357618115659774	0	0.1	11.0	3	11.0	3	11.0	3	1533	0.3177	-0.06489603174603174	-0.0006999999999999923	0.008899999999999991	11.014851485148505	0.0808	0.0719
100	42	87	0.10104529616724739	0	1	0.32500494674407726	4	-0.5479139235206294	0	1.0	14.0	3	14.0	2	14.0	2	56	0.49760000000000004	-0.1002825396825397	-0.0001999999999999988	0.0182	32.21238938053098	0.0565	0.0383
311	110	273	0.04553794829024187	0	1	0.6991490593492693	9	-0.4106429451798197	0	1.0	14.0	3	14.0	2	14.0	2	233	0.5969	-0.17196944444444445	-0.00030000000000000165	0.0138	26.900584795321635	0.0513	0.0375
293	116	646	0.09685157421289356	0	2	0.7940345394377756	4	-0.4357618115659774	0	0.1	11.0	3	11.0	3	11.0	3	1533	0.3177	-0.06490198412698413	-0.0006999999999999923	0.008899999999999991	11.014851485148505	0.0808	0.0719
36	135	383	0.04234383637368712	0	1	0.40412769567244966	7	-0.41835886225433716	0	1.0	11.0	3	11.0	3	11.0	3	314	0.49789999999999995	-0.1309880952380952	-0.0011000000000000038	0.0126	16.890080428954423	0.0746	0.062
356	47	93	0.08603145235892692	0	1	0.51528570604855	3	-0.3940826057694151	0	1.0	16.0	3	16.0	1	16.0	2	56	0.473	-0.08239007936507936	-0.0004000000000000045	0.011800000000000005	26.280623608017827	0.0449	0.0331
132	94	227	0.05193319606497369	0	1	0.648109926957021	5	-0.5203893980892405	0	1.0	14.0	3	14.0	3	14.0	1	219	0.5083000000000001	-0.10117103174603176	-0.0004000000000000045	0.014200000000000004	23.706176961602676	0.0599	0.0457
79	200	461	0.023165829145728643	0	1	0.3997783287872998	8	-0.3956761913312752	0	1.0	12.0	3	12.0	3	12.0	2	326	0.5676	-0.14661031746031747	-0.0001999999999999988	0.009699999999999993	14.764079147640782	0.0657	0.056
724	9	17	0.4722222222222222	0	1	0.7111111111111111	3	0.05555555555555555	0	1.0	20.0	3	20.0	1	20.0	1	12	144.7526	-1.6837555555555554	-0.0006999999999999992	0.0046	13.569321533923304	0.0339	0.0293
342	112	435	0.06998069498069498	0	1	0.5133748733345507	5	-0.4170169983597983	0	1.0	16.0	1	16.0	2	16.0	3	833	89.8767	-1.3454743999999998	-9.999999999998899e-05	0.011499999999999996	15.211640211640207	0.0756	0.0641
346	112	435	0.06998069498069498	0	1	0.5133748733345507	5	-0.4170169983597983	0	1.0	16.0	1	16.0	2	16.0	3	833	88.15270000000001	-0.47774153225806454	-9.999999999998899e-05	0.011499999999999996	15.211640211640207	0.0756	0.0641
313	110	273	0.04553794829024187	0	1	0.6991490593492693	9	-0.4106429451798197	0	1.0	14.0	3	14.0	2	14.0	2	233	0.5969	-0.17196944444444442	-0.00030000000000000165	0.0138	26.900584795321635	0.0513	0.0375
851	6	6	0.4	0	1	0.35000000000000003	2	-0.8333333333333334	0	1.0	33.0	0	33.0	3	33.0	0	1	9999999999.997	-165975114.51992902	-0.0002000000000000001	0.0	0.0	0.003	0.003
50	135	383	0.04234383637368712	0	1	0.40412769567244966	7	-0.41835886225433716	0	1.0	11.0	3	11.0	3	11.0	3	314	0.49799999999999994	-0.13108809523809523	-0.0012000000000000066	0.012700000000000003	17.02412868632708	0.0746	0.0619
44	135	383	0.04234383637368712	0	1	0.40412769567244966	7	-0.41835886225433716	0	1.0	11.0	3	11.0	3	11.0	3	314	0.49779999999999996	-0.1308888888888889	-0.0010000000000000009	0.012499999999999997	16.756032171581765	0.0746	0.0621
564	65	121	0.058173076923076925	0	1	0.4403483695791389	13	-0.2948984753233615	0	1.0	14.0	2	14.0	3	14.0	2	70	0.6609999999999999	-0.22600238095238098	-0.0007999999999999986	0.018699999999999998	39.20335429769391	0.0477	0.029
42	213	684	0.03029497741163965	0	1	0.3664639103760037	6	-0.41557801107125253	0	1.0	16.0	1	16.0	3	16.0	2	1114	3.5531	-0.13225759999999998	-0.0011999999999999997	0.010599999999999991	15.340086830680164	0.0691	0.0585
723	22	80	0.3463203463203463	0	2	0.6943509773055228	3	-0.2725369314877283	0	0.1	11.0	3	11.0	3	11.0	3	113	0.31429999999999997	-0.06419960317460315	-0.0005000000000000004	0.007400000000000004	9.203980099502493	0.0804	0.073
115	258	1037	0.03127922058335596	0	1	0.4340038615265841	7	-0.30532350413427145	0	1.0	20.0	3	20.0	2	20.0	0	1458	0.4373	-0.11731872509960156	-0.0003000000000000086	0.0068000000000000005	8.076009501187649	0.0842	0.0774
94	144	330	0.03205128205128205	0	1	0.3616192689820579	6	-0.39451622984506685	0	1.0	16.0	3	16.0	3	16.0	0	243	0.5591	-0.14459444444444444	-0.0003999999999999976	0.014400000000000003	24.827586206896555	0.058	0.0436
552	60	177	0.1	0	1	0.4866510657958027	7	-0.07710821779262844	0	1.0	12.0	2	12.0	3	12.0	3	186	0.45420000000000005	-0.1253928571428571	-0.0004999999999999935	0.014699999999999998	20.08196721311475	0.0732	0.0585
61	79	199	0.06458941901979877	0	1	0.6203616315776157	5	-0.45917979340562387	0	1.0	14.0	3	14.0	2	14.0	2	165	0.507	-0.11184960317460314	-0.0010000000000000009	0.0172	29.70639032815199	0.0579	0.0407
474	64	144	0.07142857142857142	0	1	0.16999627976190476	5	-0.6499336486144831	0	1.0	11.0	3	11.0	3	11.0	3	36	0.5806	-0.14704722222222222	-0.00040000000000000105	0.020900000000000002	54.85564304461943	0.0381	0.0172
646	8	21	0.75	0	2	0.8458333333333334	2	-0.33598409542743546	0	1.0	16.0	1	16.0	2	16.0	3	26	229.4079	-5.966659523809524	-0.0008000000000000021	0.008199999999999999	20.551378446115287	0.0399	0.0317
717	8	14	0.5	0	2	0.41666666666666663	3	-0.16666666666666669	0	1.0	50.0	1	50.0	1	50.0	0	4	134.4205	-1.4913984126984123	-0.00010000000000000286	0.00010000000000000286	0.1392757660167171	0.0718	0.0717
286	69	193	0.08226768968456948	0	1	0.5552800951413666	5	-0.5388802637379487	0	1.0	12.0	3	12.0	2	12.0	3	164	0.4789	-0.10949801587301586	-0.0007999999999999952	0.011999999999999997	20.83333333333333	0.0576	0.0456
719	18	84	0.5490196078431373	0	1	0.8337665874430579	2	-0.13104437471985642	0	1.0	20.0	0	20.0	2	20.0	3	277	0.3213	-0.051082142857142854	-0.00020000000000000052	0.0026000000000000007	30.588235294117656	0.0085	0.0059
471	10	16	0.35555555555555557	0	1	0.6	4	-0.2873563218390805	0	1.0	25.0	1	25.0	1	25.0	2	9	0.5121	-0.10538015873015873	-0.0002000000000000001	0.0038	64.40677966101696	0.0059	0.0021
315	110	273	0.04553794829024187	0	1	0.6991490593492693	9	-0.4106429451798197	0	1.0	14.0	3	14.0	2	14.0	2	233	0.5969	-0.17197103174603173	-0.0004000000000000045	0.0138	26.900584795321635	0.0513	0.0375
89	83	194	0.05700852189244784	0	1	0.5479474295669651	5	-0.4213215169436408	0	1.0	14.0	3	14.0	2	14.0	2	141	0.5359	-0.12727103174603177	-0.0004000000000000045	0.0175	31.992687385740403	0.0547	0.0372
625	22	72	0.3116883116883117	0	1	0.7239505444050898	5	0.16449028859870518	0	1.0	14.0	1	14.0	3	14.0	3	106	0.4248	-0.10746706349206349	-0.0001999999999999988	0.017799999999999996	32.841328413284124	0.0542	0.0364
570	22	43	0.18614718614718614	0	1	0.4679063360881543	5	-0.2205000637836459	0	1.0	16.0	1	16.0	2	16.0	3	22	0.536	-0.12398293650793651	-0.0006000000000000033	0.013600000000000001	20.512820512820515	0.0663	0.0527
496	30	71	0.1632183908045977	0	1	0.6693961593961594	5	-0.4850333909624055	0	1.0	14.0	2	14.0	3	14.0	2	62	0.5185	-0.1288265873015873	-0.000899999999999998	0.0143	28.486055776892428	0.0502	0.0359
621	8	10	0.35714285714285715	0	1	0.5	3	-0.31782945736434104	0	1.0	12.0	2	12.0	3	12.0	3	3	113.7585	-0.579738492063492	-0.00019999999999999998	0.0094	92.15686274509804	0.0102	0.0008
846	18	48	0.3137254901960784	0	1	0.4580888247554914	6	0.18450674683632806	0	1.0	14.0	3	14.0	1	14.0	3	56	0.4688	-0.10563968253968253	-0.000899999999999998	0.009400000000000006	14.329268292682935	0.0656	0.0562
78	200	461	0.023165829145728643	0	1	0.3997783287872998	8	-0.3956761913312752	0	1.0	12.0	3	12.0	3	12.0	2	326	0.5676	-0.14661031746031747	-0.0001999999999999988	0.009699999999999993	14.764079147640782	0.0657	0.056
335	70	192	0.07950310559006211	0	1	0.7198873784023284	4	-0.6933596513739024	0	1.0	16.0	2	16.0	1	16.0	3	217	0.4725	-0.07982976190476188	-0.0003999999999999976	0.013699999999999997	21.919999999999995	0.0625	0.0488
98	42	87	0.10104529616724739	0	1	0.32500494674407726	4	-0.5479139235206294	0	1.0	14.0	3	14.0	2	14.0	2	56	0.49760000000000004	-0.1002825396825397	-0.0001999999999999988	0.0182	32.21238938053098	0.0565	0.0383
461	6	9	0.6	0	2	0.7999999999999999	2	-0.8	0	0.1	11.0	3	11.0	3	11.0	3	4	9999999999.9204	-165975119.10936472	-9.999999999998899e-05	0.005599999999999994	6.572769953051637	0.0852	0.0796
128	127	509	0.06361704786901637	0	1	0.49954006554165714	5	-0.3412614132875791	0	1.0	14.0	3	14.0	2	14.0	2	922	0.4046	-0.09543505976095616	-0.0013999999999999985	0.008599999999999997	11.436170212765951	0.0752	0.0666
374	91	173	0.04224664224664225	0	1	0.36980359450498	8	-0.460616104929416	0	1.0	12.0	2	12.0	3	12.0	3	109	0.5993	-0.16188055555555556	-0.0008000000000000021	0.019799999999999998	35.74007220216606	0.0554	0.0356
49	135	383	0.04234383637368712	0	1	0.40412769567244966	7	-0.41835886225433716	0	1.0	11.0	3	11.0	3	11.0	3	314	0.49799999999999994	-0.13108809523809523	-0.0012000000000000066	0.012700000000000003	17.02412868632708	0.0746	0.0619
312	110	273	0.04553794829024187	0	1	0.6991490593492693	9	-0.4106429451798197	0	1.0	14.0	3	14.0	2	14.0	2	233	0.5969	-0.17196944444444445	-0.00030000000000000165	0.0138	26.900584795321635	0.0513	0.0375
220	53	343	0.24891146589259797	0	3	0.26783142704582646	5	0.05241945129335968	0	0.1	11.0	3	11.0	3	11.0	3	602	0.2304	-0.06111904761904762	-0.0015999999999999973	0.008099999999999996	14.889705882352935	0.0544	0.0463
92	83	194	0.05700852189244784	0	1	0.5479474295669651	5	-0.4213215169436408	0	1.0	14.0	3	14.0	2	14.0	2	141	0.5358	-0.12717103174603175	-0.0006000000000000033	0.0174	31.809872029250457	0.0547	0.0373
490	46	112	0.10821256038647344	0	1	0.3407522429261559	5	-0.47924938386602245	0	1.0	16.0	2	16.0	1	16.0	3	82	0.47540000000000004	-0.11753055555555557	-0.0003999999999999976	0.0174	22.894736842105264	0.076	0.0586
362	165	428	0.03163340724316334	0	1	0.41940876838649743	8	-0.4589147692068438	0	1.0	16.0	3	16.0	3	16.0	0	387	0.5357	-0.14046587301587304	-0.0005000000000000004	0.012499999999999997	17.70538243626062	0.0706	0.0581
337	110	273	0.04553794829024187	0	1	0.6991490593492693	9	-0.4106429451798197	0	1.0	14.0	3	14.0	2	14.0	2	233	0.5969	-0.17196944444444442	-0.00030000000000000165	0.0138	26.900584795321635	0.0513	0.0375
264	53	343	0.24891146589259797	0	3	0.26783142704582646	5	0.05241945129335968	0	0.1	11.0	3	11.0	3	11.0	3	602	0.2304	-0.06111904761904762	-0.0015999999999999973	0.008099999999999996	14.889705882352935	0.0544	0.0463
87	144	330	0.03205128205128205	0	1	0.3616192689820579	6	-0.39451622984506685	0	1.0	16.0	3	16.0	3	16.0	0	243	0.5591	-0.14459444444444444	-0.0003999999999999976	0.014400000000000003	24.827586206896555	0.058	0.0436
366	122	263	0.03563202818046335	0	1	0.32874452371968793	7	-0.44506585387252906	0	1.0	14.0	3	14.0	2	14.0	2	189	0.5789000000000001	-0.14331666666666665	-0.00010000000000000286	0.0221	41.23134328358209	0.0536	0.0315
705	30	71	0.1632183908045977	0	1	0.5340740740740741	6	0.09262058540607394	0	1.0	14.0	3	14.0	1	14.0	3	52	0.5250999999999999	-0.14356507936507937	-0.00030000000000000165	0.0143	25.905797101449274	0.0552	0.0409
297	89	357	0.09116445352400408	0	2	0.8469374254653975	4	-0.49515691850738897	0	1.0	20.0	1	20.0	1	20.0	3	601	0.3872	-0.07321507936507934	-9.999999999999593e-05	0.010300000000000004	16.297468354430382	0.0632	0.0529
501	30	71	0.1632183908045977	0	1	0.6693961593961594	5	-0.4850333909624055	0	1.0	14.0	2	14.0	3	14.0	2	62	0.5185	-0.1288265873015873	-0.000899999999999998	0.0143	28.486055776892428	0.0502	0.0359
307	94	310	0.07092198581560284	0	1	0.6861788448472427	4	-0.4756855118376927	0	1.0	14.0	3	14.0	2	14.0	2	439	0.4439	-0.09294206349206349	-0.0012999999999999956	0.016200000000000006	20.716112531969316	0.0782	0.062
33	151	482	0.042560706401766006	0	1	0.3270655849021109	6	-0.2871497916049049	0	1.0	16.0	3	16.0	3	16.0	0	596	0.45899999999999996	-0.11022222222222221	-9.999999999998899e-05	0.011499999999999996	15.11169513797634	0.0761	0.0646
330	110	273	0.04553794829024187	0	1	0.6991490593492693	9	-0.4106429451798197	0	1.0	14.0	3	14.0	2	14.0	2	233	0.5969	-0.17196944444444442	-0.00030000000000000165	0.0138	26.900584795321635	0.0513	0.0375
854	8	12	0.42857142857142855	0	1	0.6964285714285714	2	-0.8356510745891279	0	1.0	25.0	0	25.0	2	25.0	2	5	150.8935	-4.325238095238095	-0.00010000000000000286	0.0032000000000000084	4.097311139564671	0.0781	0.0749
644	17	40	0.29411764705882354	0	1	0.6172268907563025	5	0.16037562143251707	0	1.0	16.0	2	16.0	3	16.0	1	30	0.4934	-0.1154452380952381	-0.00010000000000000286	0.014499999999999999	25.70921985815603	0.0564	0.0419
574	29	78	0.1921182266009852	0	1	0.535216915351848	5	-0.45807070081525664	0	1.0	16.0	3	16.0	0	16.0	3	93	0.4263	-0.08380674603174604	-0.0005000000000000004	0.018300000000000004	31.44329896907217	0.0582	0.0399
446	84	169	0.04847963281698221	0	1	0.24839394818024196	6	-0.642116868672725	0	1.0	14.0	3	14.0	1	14.0	3	117	0.5656	-0.1286238095238095	-0.0005000000000000004	0.0184	34.98098859315589	0.0526	0.0342
569	22	43	0.18614718614718614	0	1	0.4679063360881543	5	-0.2205000637836459	0	1.0	16.0	1	16.0	2	16.0	3	22	0.536	-0.12396587301587303	-0.0004000000000000045	0.013600000000000001	20.512820512820515	0.0663	0.0527
314	110	273	0.04553794829024187	0	1	0.6991490593492693	9	-0.4106429451798197	0	1.0	14.0	3	14.0	2	14.0	2	233	0.5969	-0.17196904761904758	-0.00030000000000000165	0.0138	26.900584795321635	0.0513	0.0375
516	138	315	0.03332275468105363	0	1	0.43494743330726876	11	-0.11714531125842968	0	1.0	12.0	2	12.0	3	12.0	3	407	0.6203	-0.19833015873015872	-0.00010000000000000286	0.014800000000000004	33.86727688787186	0.0437	0.0289
9	151	482	0.042560706401766006	0	1	0.3270655849021109	6	-0.2871497916049049	0	1.0	16.0	3	16.0	3	16.0	0	596	0.45899999999999996	-0.1102214285714286	-9.999999999998899e-05	0.011499999999999996	15.11169513797634	0.0761	0.0646
27	151	482	0.042560706401766006	0	1	0.3270655849021109	6	-0.2871497916049049	0	1.0	16.0	3	16.0	3	16.0	0	596	0.45899999999999996	-0.11022222222222221	-9.999999999998899e-05	0.011499999999999996	15.11169513797634	0.0761	0.0646
419	61	119	0.06502732240437159	0	1	0.34011411608158076	6	-0.40704443021266506	0	1.0	12.0	2	12.0	3	12.0	3	81	0.5716	-0.14823333333333333	-0.0001999999999999988	0.021199999999999997	39.62616822429906	0.0535	0.0323
440	84	169	0.04847963281698221	0	1	0.24839394818024196	6	-0.642116868672725	0	1.0	14.0	3	14.0	1	14.0	3	117	0.5656	-0.1286238095238095	-0.0005000000000000004	0.0184	34.98098859315589	0.0526	0.0342
567	27	50	0.14245014245014245	0	1	0.5547512158623269	5	-0.4265975820379966	0	1.0	16.0	2	16.0	2	16.0	2	30	0.5599999999999999	-0.1357952380952381	-0.0012999999999999956	0.0182	36.4	0.05	0.0318
287	33	80	0.15151515151515152	0	2	0.37481306572215667	5	-0.5579476861167003	0	1.0	12.0	3	12.0	2	12.0	3	56	0.5009	-0.11450515873015872	-0.0005000000000000004	0.019700000000000002	46.352941176470594	0.0425	0.0228
19	125	384	0.04954838709677419	0	1	0.5040766399265516	6	-0.46045274147849186	0	1.0	14.0	2	14.0	3	14.0	2	548	0.4941	-0.10860873015873013	-0.0001999999999999988	0.011500000000000003	18.053375196232345	0.0637	0.0522
452	152	344	0.02997560125479261	0	1	0.3851826383385141	6	-0.3807173561610061	0	1.0	16.0	3	16.0	1	16.0	2	233	0.5538	-0.13112103174603174	-0.0005000000000000004	0.014399999999999996	18.947368421052627	0.076	0.0616
75	103	259	0.049305158956786596	0	1	0.23221431224964675	4	-0.5995865242677502	0	1.0	11.0	3	11.0	3	11.0	3	162	0.5153	-0.09787579365079367	-0.0010000000000000009	0.0188	38.445807770961146	0.0489	0.0301
363	165	428	0.03163340724316334	0	1	0.41940876838649743	8	-0.4589147692068438	0	1.0	16.0	3	16.0	3	16.0	0	387	0.5357	-0.14046587301587304	-0.0005000000000000004	0.012499999999999997	17.70538243626062	0.0706	0.0581
76	200	461	0.023165829145728643	0	1	0.3997783287872998	8	-0.3956761913312752	0	1.0	12.0	3	12.0	3	12.0	2	326	0.5676	-0.14661031746031747	-0.0001999999999999988	0.009699999999999993	14.764079147640782	0.0657	0.056
486	47	60	0.05550416281221091	0	1	0.2043657114683397	5	-0.6289491540589512	0	1.0	12.0	2	12.0	3	12.0	3	15	0.6349	-0.14662896825396823	-0.0008000000000000004	0.0215	60.05586592178771	0.0358	0.0143
722	22	80	0.3463203463203463	0	2	0.6943509773055228	3	-0.2725369314877283	0	0.1	11.0	3	11.0	3	11.0	3	113	0.31429999999999997	-0.06419960317460317	-0.0005000000000000004	0.007400000000000004	9.203980099502493	0.0804	0.073
476	20	31	0.1631578947368421	0	1	0.26011904761904764	6	-0.37276933245208194	0	1.0	12.0	3	12.0	3	12.0	2	14	0.6075999999999999	-0.14417857142857143	-0.00020000000000000226	0.0198	48.64864864864865	0.0407	0.0209
81	200	461	0.023165829145728643	0	1	0.3997783287872998	8	-0.3956761913312752	0	1.0	12.0	3	12.0	3	12.0	2	326	0.5676	-0.14661031746031747	-0.0001999999999999988	0.009699999999999993	14.764079147640782	0.0657	0.056
199	53	343	0.24891146589259797	0	3	0.26783142704582646	5	0.05241945129335968	0	0.1	11.0	3	11.0	3	11.0	3	602	0.2304	-0.06111904761904762	-0.0015999999999999973	0.008099999999999996	14.889705882352935	0.0544	0.0463
420	61	119	0.06502732240437159	0	1	0.34011411608158076	6	-0.40704443021266506	0	1.0	12.0	3	12.0	2	12.0	3	81	0.5715	-0.14813412698412698	-0.0005000000000000004	0.0211	39.4392523364486	0.0535	0.0324
10	151	482	0.042560706401766006	0	1	0.3270655849021109	6	-0.2871497916049049	0	1.0	16.0	3	16.0	3	16.0	0	596	0.45899999999999996	-0.11022222222222221	-9.999999999998899e-05	0.011499999999999996	15.11169513797634	0.0761	0.0646
108	257	1032	0.0313715953307393	0	1	0.4322723410268758	7	-0.3056491704750114	0	1.0	20.0	0	20.0	2	20.0	3	1451	0.43809999999999993	-0.11545039682539683	-0.00010000000000000286	0.0068000000000000005	7.971864009378664	0.0853	0.0785
364	165	428	0.03163340724316334	0	1	0.41940876838649743	8	-0.4589147692068438	0	1.0	16.0	3	16.0	3	16.0	0	387	0.5357	-0.14046626984126986	-0.0005000000000000004	0.012499999999999997	17.70538243626062	0.0706	0.0581
273	53	343	0.24891146589259797	0	3	0.26783142704582646	5	0.05241945129335968	0	0.1	11.0	3	11.0	3	11.0	3	602	0.2304	-0.06111904761904761	-0.0015999999999999973	0.008099999999999996	14.889705882352935	0.0544	0.0463
635	33	90	0.17045454545454544	0	1	0.6263959945778128	7	-0.09062082777036051	0	1.0	16.0	2	16.0	1	16.0	3	123	0.4933	-0.13045039682539683	-0.0015000000000000013	0.015	26.929982046678635	0.0557	0.0407
350	131	493	0.05789782736347622	0	1	0.48844240763193036	6	-0.3442761298444005	0	1.0	16.0	2	16.0	1	16.0	3	892	87.0117	-0.7169272	-0.0010000000000000009	0.011899999999999994	15.197956577266917	0.0783	0.0664
482	47	64	0.05920444033302498	0	1	0.21434442625931985	3	-0.7835606405687594	0	1.0	14.0	2	14.0	3	14.0	2	26	0.5680000000000001	-0.09801150793650794	-0.0010000000000000009	0.021400000000000002	65.44342507645261	0.0327	0.0113
359	165	428	0.03163340724316334	0	1	0.41940876838649743	8	-0.4589147692068438	0	1.0	16.0	3	16.0	3	16.0	0	387	0.5357	-0.14046587301587304	-0.0005000000000000004	0.012499999999999997	17.70538243626062	0.0706	0.0581
645	36	151	0.2396825396825397	0	1	0.6149173357506692	5	0.2980481186204697	0	1.0	16.0	3	16.0	0	16.0	3	445	0.36310000000000003	-0.08854484126984126	-0.00010000000000000286	0.006999999999999999	17.994858611825194	0.0389	0.0319
401	63	162	0.08294930875576037	0	1	0.5866153898244996	8	-0.12396676474511611	0	1.0	14.0	2	14.0	2	14.0	3	130	0.5399	-0.16181349206349205	-0.0002999999999999982	0.0223	44.8692152917505	0.0497	0.0274
136	80	121	0.03829113924050633	0	1	0.24226483727662967	3	-0.6360280120311659	0	1.0	12.0	3	12.0	2	12.0	3	58	0.5596	-0.0891861111111111	-0.0005999999999999998	0.0155	44.797687861271676	0.0346	0.0191
556	82	151	0.04546823246010238	0	1	0.352621530555286	5	-0.43115215572097654	0	1.0	11.0	3	11.0	3	11.0	3	96	0.5726	-0.12606944444444443	-0.00040000000000000105	0.0212	43.353783231083845	0.0489	0.0277
241	53	343	0.24891146589259797	0	3	0.26783142704582646	5	0.05241945129335968	0	0.1	11.0	3	11.0	3	11.0	3	602	0.2304	-0.06111904761904762	-0.0015999999999999973	0.008099999999999996	14.889705882352935	0.0544	0.0463
304	40	76	0.09743589743589744	0	1	0.5795009157509158	6	-0.4287542662116042	0	1.0	14.0	1	14.0	3	14.0	3	40	0.25549999999999995	-0.028196666666666675	-0.00010000000000000286	0.013499999999999998	24.06417112299465	0.0561	0.0426
416	86	194	0.05307797537619699	0	1	0.47456577800359395	8	-0.2817640141254943	0	1.0	14.0	2	14.0	2	14.0	3	135	0.5785	-0.17276309523809524	-9.999999999999593e-05	0.016099999999999996	29.595588235294112	0.0544	0.0383
498	30	71	0.1632183908045977	0	1	0.6693961593961594	5	-0.4850333909624055	0	1.0	14.0	3	14.0	3	14.0	1	62	0.5176000000000001	-0.12794325396825396	-0.00010000000000000286	0.013400000000000002	26.69322709163347	0.0502	0.0368
310	110	273	0.04553794829024187	0	1	0.6991490593492693	9	-0.4106429451798197	0	1.0	14.0	3	14.0	2	14.0	2	233	0.5969	-0.17196944444444442	-0.00030000000000000165	0.0138	26.900584795321635	0.0513	0.0375
492	74	154	0.05701592002961866	0	1	0.3991511171945955	11	-0.309379391308988	0	1.0	14.0	3	14.0	1	14.0	3	115	0.5749	-0.1552702380952381	-0.0003999999999999976	0.016	29.09090909090909	0.055	0.039
270	53	343	0.24891146589259797	0	3	0.26783142704582646	5	0.05241945129335968	0	0.1	11.0	3	11.0	3	11.0	3	602	0.2304	-0.06111904761904762	-0.0015999999999999973	0.008099999999999996	14.889705882352935	0.0544	0.0463
16	125	384	0.04954838709677419	0	1	0.5040766399265516	6	-0.46045274147849186	0	1.0	14.0	2	14.0	3	14.0	2	548	0.4941	-0.10860873015873013	-0.0001999999999999988	0.011500000000000003	18.053375196232345	0.0637	0.0522
277	53	343	0.24891146589259797	0	3	0.26783142704582646	5	0.05241945129335968	0	0.1	11.0	3	11.0	3	11.0	3	602	0.2304	-0.06111904761904762	-0.0015999999999999973	0.008099999999999996	14.889705882352935	0.0544	0.0463
718	18	84	0.5490196078431373	0	1	0.8337665874430579	2	-0.13104437471985642	0	1.0	20.0	0	20.0	2	20.0	3	277	0.3213	-0.051082142857142854	-0.00020000000000000052	0.0026000000000000007	30.588235294117656	0.0085	0.0059
554	73	200	0.076103500761035	0	1	0.4089684514113484	5	-0.4154014498700589	0	1.0	12.0	2	12.0	3	12.0	3	469	0.4941	-0.10750079365079367	-0.000899999999999998	0.015299999999999998	36.77884615384615	0.0416	0.0263
219	53	343	0.24891146589259797	0	3	0.26783142704582646	5	0.05241945129335968	0	0.1	11.0	3	11.0	3	11.0	3	602	0.2304	-0.06111904761904762	-0.0015999999999999973	0.008099999999999996	14.889705882352935	0.0544	0.0463
2	96	271	0.059429824561403506	0	1	0.6816114541091044	8	-0.4177940343760017	0	1.0	16.0	1	16.0	3	16.0	2	301	0.522	-0.13750515873015873	-0.00010000000000000286	0.016100000000000003	25.156250000000004	0.064	0.0479
562	65	121	0.058173076923076925	0	1	0.4403483695791389	13	-0.2948984753233615	0	1.0	14.0	2	14.0	3	14.0	2	70	0.6609999999999999	-0.22600238095238093	-0.000899999999999998	0.018699999999999998	39.20335429769391	0.0477	0.029
125	135	259	0.02863460475400774	0	1	0.23858004626120563	5	-0.40486877009830874	0	1.0	12.0	2	12.0	3	12.0	3	215	0.5656	-0.12010357142857145	-0.0001999999999999988	0.0211	41.45383104125737	0.0509	0.0298
568	27	50	0.14245014245014245	0	1	0.5547512158623269	5	-0.4265975820379966	0	1.0	16.0	2	16.0	2	16.0	2	30	0.5599999999999999	-0.1357952380952381	-0.0012999999999999956	0.0182	36.4	0.05	0.0318
283	53	343	0.24891146589259797	0	3	0.26783142704582646	5	0.05241945129335968	0	0.1	11.0	3	11.0	3	11.0	3	602	0.2304	-0.060984920634920635	-0.0015999999999999973	0.008099999999999996	14.889705882352935	0.0544	0.0463
638	39	48	0.06477732793522267	0	1	0.15391398724732058	4	-0.6118068755407531	0	1.0	14.0	2	14.0	3	14.0	2	12	0.5750000000000001	-0.10107579365079367	-0.0008000000000000004	0.0197	63.141025641025635	0.0312	0.0115
252	53	343	0.24891146589259797	0	3	0.26783142704582646	5	0.05241945129335968	0	0.1	11.0	3	11.0	3	11.0	3	602	0.2304	-0.06111904761904762	-0.0015999999999999973	0.008099999999999996	14.889705882352935	0.0544	0.0463
74	103	259	0.049305158956786596	0	1	0.23221431224964675	4	-0.5995865242677502	0	1.0	11.0	3	11.0	3	11.0	3	162	0.5152	-0.09777619047619046	-0.000899999999999998	0.018699999999999998	38.24130879345603	0.0489	0.0302
367	122	263	0.03563202818046335	0	1	0.32874452371968793	7	-0.44506585387252906	0	1.0	14.0	3	14.0	2	14.0	2	189	0.5789000000000001	-0.1433178571428571	-0.0001999999999999988	0.0221	41.23134328358209	0.0536	0.0315
404	63	162	0.08294930875576037	0	1	0.5866153898244996	8	-0.12396676474511611	0	1.0	14.0	2	14.0	2	14.0	3	130	0.54	-0.1619126984126984	-0.0003999999999999976	0.0224	45.07042253521127	0.0497	0.0273
354	102	312	0.060570762958648806	0	1	0.46044667390050736	10	-0.1658959086920957	0	1.0	14.0	1	14.0	3	14.0	3	305	0.4801	-0.1444690476190476	-0.00020000000000000573	0.010999999999999996	14.686248331108139	0.0749	0.0639
69	135	362	0.04002211166390271	0	1	0.40194794606558687	6	-0.5070076383717068	0	1.0	16.0	1	16.0	2	16.0	3	306	0.5181	-0.11376111111111112	-0.00010000000000000286	0.013400000000000002	20.647149460708786	0.0649	0.0515
702	12	19	0.2878787878787879	0	1	0.3606481481481481	3	-0.5036525974025974	0	1.0	16.0	2	16.0	3	16.0	1	8	0.45439999999999997	-0.08752222222222222	-0.00030000000000000165	0.013600000000000001	29.059829059829063	0.0468	0.0332
291	116	646	0.09685157421289356	0	2	0.7940345394377756	4	-0.4357618115659774	0	0.1	11.0	3	11.0	3	11.0	3	1533	0.3177	-0.06489603174603174	-0.0006999999999999923	0.008899999999999991	11.014851485148505	0.0808	0.0719
484	47	64	0.05920444033302498	0	1	0.21434442625931985	3	-0.7835606405687594	0	1.0	14.0	2	14.0	3	14.0	2	26	0.5680000000000001	-0.09801150793650794	-0.0010000000000000009	0.021400000000000002	65.44342507645261	0.0327	0.0113
135	110	227	0.03786488740617181	0	1	0.258183029553947	6	-0.49196861163785277	0	1.0	12.0	3	12.0	3	12.0	2	128	0.5774	-0.14838095238095236	-0.0006000000000000033	0.015400000000000004	26.782608695652176	0.0575	0.0421
331	110	273	0.04553794829024187	0	1	0.6991490593492693	9	-0.4106429451798197	0	1.0	14.0	3	14.0	2	14.0	2	233	0.5969	-0.17196944444444442	-0.00030000000000000165	0.0138	26.900584795321635	0.0513	0.0375
88	83	194	0.05700852189244784	0	1	0.5479474295669651	5	-0.4213215169436408	0	1.0	14.0	3	14.0	2	14.0	2	141	0.5359	-0.12727103174603177	-0.0004000000000000045	0.0175	31.992687385740403	0.0547	0.0372
227	53	343	0.24891146589259797	0	3	0.26783142704582646	5	0.05241945129335968	0	0.1	11.0	3	11.0	3	11.0	3	602	0.0671	-0.014316666666666665	-0.0015000000000000013	0.008	14.705882352941178	0.0544	0.0464
262	53	343	0.24891146589259797	0	3	0.26783142704582646	5	0.05241945129335968	0	0.1	11.0	3	11.0	3	11.0	3	602	0.2304	-0.06111904761904762	-0.0015999999999999973	0.008099999999999996	14.889705882352935	0.0544	0.0463
563	65	121	0.058173076923076925	0	1	0.4403483695791389	13	-0.2948984753233615	0	1.0	14.0	2	14.0	3	14.0	2	70	0.6609999999999999	-0.22600238095238098	-0.0007999999999999986	0.018699999999999998	39.20335429769391	0.0477	0.029
4	96	271	0.059429824561403506	0	1	0.6816114541091044	8	-0.4177940343760017	0	1.0	16.0	1	16.0	3	16.0	2	301	0.5218999999999999	-0.13739603174603177	-9.999999999999593e-05	0.016	25.0	0.064	0.048
39	213	684	0.03029497741163965	0	1	0.3664639103760037	6	-0.41557801107125253	0	1.0	16.0	1	16.0	3	16.0	2	1114	3.5531	-0.1322576	-0.0011999999999999997	0.010599999999999991	15.340086830680164	0.0691	0.0585
5	96	271	0.059429824561403506	0	1	0.6816114541091044	8	-0.4177940343760017	0	1.0	16.0	1	16.0	3	16.0	2	301	0.522	-0.13750515873015873	-0.00010000000000000286	0.016100000000000003	25.156250000000004	0.064	0.0479
292	94	492	0.11256005490734386	0	2	0.7929920448506095	3	-0.484450059154528	0	1.0	20.0	1	20.0	1	20.0	3	1059	0.3138	-0.05799603174603174	-0.00019999999999999185	0.0087	11.950549450549449	0.0728	0.0641
26	151	482	0.042560706401766006	0	1	0.3270655849021109	6	-0.2871497916049049	0	1.0	16.0	3	16.0	3	16.0	0	596	0.45899999999999996	-0.11022420634920636	-9.999999999998899e-05	0.011499999999999996	15.11169513797634	0.0761	0.0646
489	46	112	0.10821256038647344	0	1	0.3407522429261559	5	-0.47924938386602245	0	1.0	16.0	2	16.0	1	16.0	3	82	0.47540000000000004	-0.11753055555555557	-0.0003999999999999976	0.0174	22.894736842105264	0.076	0.0586
547	60	177	0.1	0	1	0.4866510657958027	7	-0.07710821779262844	0	1.0	12.0	2	12.0	3	12.0	3	186	0.45420000000000005	-0.12539285714285717	-0.0004999999999999935	0.014699999999999998	20.08196721311475	0.0732	0.0585
412	86	194	0.05307797537619699	0	1	0.47456577800359395	8	-0.2817640141254943	0	1.0	14.0	2	14.0	2	14.0	3	135	0.5785	-0.172765873015873	-0.0003999999999999976	0.016099999999999996	29.595588235294112	0.0544	0.0383
131	94	227	0.05193319606497369	0	1	0.648109926957021	5	-0.5203893980892405	0	1.0	14.0	3	14.0	3	14.0	1	219	0.5083000000000001	-0.10117103174603176	-0.0004000000000000045	0.014200000000000004	23.706176961602676	0.0599	0.0457
582	28	54	0.14285714285714285	0	1	0.4884637188208617	5	-0.2713675213675213	0	1.0	14.0	3	14.0	1	14.0	3	35	0.5506	-0.13197619047619047	-0.0011999999999999997	0.0199	38.122605363984675	0.0522	0.0323
709	23	32	0.12648221343873517	0	1	0.30723927252060246	3	-0.6702347049003241	0	1.0	12.0	3	12.0	2	12.0	3	12	0.5325	-0.09627420634920635	-0.0005999999999999998	0.025599999999999998	63.05418719211823	0.0406	0.015
221	53	343	0.24891146589259797	0	3	0.26783142704582646	5	0.05241945129335968	0	0.1	11.0	3	11.0	3	11.0	3	602	0.2303	-0.06094563492063493	-0.0015000000000000013	0.008	14.705882352941178	0.0544	0.0464
587	26	45	0.13846153846153847	0	1	0.2694527694527694	4	-0.3235294117647056	0	1.0	12.0	2	12.0	3	12.0	3	30	0.5636	-0.1327809523809524	-0.0013000000000000025	0.0268	55.601659751037346	0.0482	0.0214
105	259	1034	0.030947891413007692	0	1	0.4288607877407701	7	-0.3042702181601009	0	1.0	16.0	1	16.0	2	16.0	3	1451	0.4417	-0.11844541832669322	-0.0010000000000000009	0.00810000000000001	9.700598802395222	0.0835	0.0754
281	53	343	0.24891146589259797	0	3	0.26783142704582646	5	0.05241945129335968	0	0.1	11.0	3	11.0	3	11.0	3	602	0.2304	-0.060984920634920635	-0.0015999999999999973	0.008099999999999996	14.889705882352935	0.0544	0.0463
198	53	343	0.24891146589259797	0	3	0.26783142704582646	5	0.05241945129335968	0	0.1	11.0	3	11.0	3	11.0	3	602	0.2304	-0.06111904761904762	-0.0015999999999999973	0.008099999999999996	14.889705882352935	0.0544	0.0463
578	31	94	0.2021505376344086	0	1	0.38729293147245464	3	-0.6886227544910182	0	1.0	16.0	1	16.0	2	16.0	3	210	0.39180000000000004	-0.07028531746031746	-0.0002999999999999947	0.0158	22.284908321579692	0.0709	0.0551
299	76	320	0.11228070175438597	0	1	0.7605091002832495	4	-0.5228699653717341	0	1.0	16.0	2	16.0	1	16.0	3	573	0.3787	-0.08040039682539683	-0.00019999999999999185	0.0097	12.109862671660423	0.0801	0.0704
493	74	154	0.05701592002961866	0	1	0.3991511171945955	11	-0.309379391308988	0	1.0	14.0	3	14.0	1	14.0	3	115	0.5749	-0.1552706349206349	-0.0003999999999999976	0.016	29.09090909090909	0.055	0.039
349	132	497	0.05748322923895443	0	1	0.48320583367002545	5	-0.3444711403166794	0	1.0	16.0	2	16.0	1	16.0	3	899	85.822	-1.0220791999999999	-0.000800000000000009	0.009599999999999997	12.419146183699867	0.0773	0.0677
72	103	259	0.049305158956786596	0	1	0.23221431224964675	4	-0.5995865242677502	0	0.01	33.0	0	33.0	3	33.0	0	162	0.4169	-0.15163636363636362	-0.022999999999999993	0.0	0.0	0.1285	0.1285
73	103	259	0.049305158956786596	0	1	0.23221431224964675	4	-0.5995865242677502	0	1.0	11.0	3	11.0	3	11.0	3	162	0.5153	-0.09787579365079364	-0.0010000000000000009	0.0188	38.445807770961146	0.0489	0.0301
414	86	194	0.05307797537619699	0	1	0.47456577800359395	8	-0.2817640141254943	0	1.0	14.0	2	14.0	2	14.0	3	135	0.5785	-0.172765873015873	-0.0003999999999999976	0.016099999999999996	29.595588235294112	0.0544	0.0383
483	47	64	0.05920444033302498	0	1	0.21434442625931985	3	-0.7835606405687594	0	1.0	14.0	2	14.0	3	14.0	2	26	0.5680000000000001	-0.09801071428571428	-0.0010000000000000009	0.021400000000000002	65.44342507645261	0.0327	0.0113
348	130	487	0.0580799045915325	0	1	0.48025912008267996	6	-0.35015557266957553	0	1.0	14.0	3	14.0	1	14.0	3	883	2.9678	-0.11514008097165991	-0.000800000000000009	0.01100000000000001	14.066496163682876	0.0782	0.0672
462	21	61	0.2904761904761905	0	1	0.5026592455163884	4	-0.3462767060775772	0	1.0	14.0	3	14.0	1	14.0	3	76	0.4154	-0.09760476190476189	-0.0010999999999999968	0.016400000000000005	22.96918767507003	0.0714	0.055
290	116	646	0.09685157421289356	0	2	0.7940345394377756	4	-0.4357618115659774	0	0.1	11.0	3	11.0	3	11.0	3	1533	0.3177	-0.06489603174603174	-0.0006999999999999923	0.008899999999999991	11.014851485148505	0.0808	0.0719
358	122	263	0.03563202818046335	0	1	0.32874452371968793	7	-0.44506585387252906	0	1.0	14.0	3	14.0	2	14.0	2	189	0.5789000000000001	-0.14331785714285716	-0.0001999999999999988	0.0221	41.23134328358209	0.0536	0.0315
640	27	61	0.1737891737891738	0	1	0.5357436801881247	5	-0.133356485500955	0	1.0	20.0	0	20.0	3	20.0	2	46	0.5063	-0.12485595238095237	-0.0001999999999999988	0.013699999999999997	24.818840579710137	0.0552	0.0415
86	144	330	0.03205128205128205	0	1	0.3616192689820579	6	-0.39451622984506685	0	1.0	16.0	3	16.0	3	16.0	0	243	0.5591	-0.14459444444444444	-0.0003999999999999976	0.014400000000000003	24.827586206896555	0.058	0.0436
130	94	227	0.05193319606497369	0	1	0.648109926957021	5	-0.5203893980892405	0	1.0	14.0	3	14.0	3	14.0	1	219	0.5083000000000001	-0.10117103174603176	-0.0004000000000000045	0.014200000000000004	23.706176961602676	0.0599	0.0457
708	11	27	0.4909090909090909	0	2	0.7625541125541125	3	-0.15500000000000008	0	1.0	20.0	1	20.0	1	20.0	3	26	0.4234	-0.07547222222222222	-0.0003999999999999976	0.0015999999999999973	4.8192771084337265	0.0332	0.0316
272	53	343	0.24891146589259797	0	3	0.26783142704582646	5	0.05241945129335968	0	0.1	11.0	3	11.0	3	11.0	3	602	0.2304	-0.06111904761904762	-0.0015999999999999973	0.008099999999999996	14.889705882352935	0.0544	0.0463
497	30	71	0.1632183908045977	0	1	0.6693961593961594	5	-0.4850333909624055	0	1.0	14.0	2	14.0	3	14.0	2	62	0.5185	-0.1288265873015873	-0.000899999999999998	0.0143	28.486055776892428	0.0502	0.0359
372	91	173	0.04224664224664225	0	1	0.36980359450498	8	-0.460616104929416	0	1.0	12.0	2	12.0	3	12.0	3	109	0.5993	-0.16188055555555556	-0.000899999999999998	0.019799999999999998	35.74007220216606	0.0554	0.0356
308	110	273	0.04553794829024187	0	1	0.6991490593492693	9	-0.4106429451798197	0	1.0	14.0	3	14.0	2	14.0	2	233	0.5969	-0.17196944444444442	-0.00030000000000000165	0.0138	26.900584795321635	0.0513	0.0375
652	44	74	0.07822410147991543	0	1	0.3523752396186414	5	-0.4855849394618902	0	1.0	12.0	2	12.0	3	12.0	3	44	0.5522	-0.10947420634920635	-0.0003999999999999976	0.0226	56.21890547263681	0.0402	0.0176
275	53	343	0.24891146589259797	0	3	0.26783142704582646	5	0.05241945129335968	0	0.1	11.0	3	11.0	3	11.0	3	602	0.2304	-0.06111904761904762	-0.0015999999999999973	0.008099999999999996	14.889705882352935	0.0544	0.0463
218	53	343	0.24891146589259797	0	3	0.26783142704582646	5	0.05241945129335968	0	0.1	11.0	3	11.0	3	11.0	3	602	0.2304	-0.06111904761904762	-0.0015999999999999973	0.008099999999999996	14.889705882352935	0.0544	0.0463
631	8	16	0.5714285714285714	0	2	0.8571428571428572	2	-0.673846153846154	0	1.0	20.0	3	20.0	1	20.0	1	13	181.6485	-4.626064682539682	-0.0012999999999999956	0.0068000000000000005	9.941520467836257	0.0684	0.0616
289	116	646	0.09685157421289356	0	2	0.7940345394377756	4	-0.4357618115659774	0	0.1	11.0	3	11.0	3	11.0	3	1533	0.3177	-0.06489603174603174	-0.0006999999999999923	0.008899999999999991	11.014851485148505	0.0808	0.0719
344	112	435	0.06998069498069498	0	1	0.5133748733345507	5	-0.4170169983597983	0	1.0	16.0	1	16.0	2	16.0	3	833	90.4242	-1.3548912	-9.999999999998899e-05	0.011499999999999996	15.211640211640207	0.0756	0.0641
473	13	22	0.28205128205128205	0	1	0.46666666666666673	4	-0.429708222811671	0	1.0	20.0	0	20.0	3	20.0	2	9	0.5204	-0.1233777777777778	-0.0009000000000000015	0.014500000000000002	33.02961275626424	0.0439	0.0294
418	61	119	0.06502732240437159	0	1	0.34011411608158076	6	-0.40704443021266506	0	1.0	12.0	2	12.0	3	12.0	3	81	0.5716	-0.14823333333333333	-0.0001999999999999988	0.021199999999999997	39.62616822429906	0.0535	0.0323
134	110	227	0.03786488740617181	0	1	0.258183029553947	6	-0.49196861163785277	0	1.0	12.0	3	12.0	3	12.0	2	128	0.5774	-0.14838095238095236	-0.0006000000000000033	0.015400000000000004	26.782608695652176	0.0575	0.0421
15	125	384	0.04954838709677419	0	1	0.5040766399265516	6	-0.46045274147849186	0	1.0	14.0	2	14.0	3	14.0	2	548	0.4941	-0.10860873015873015	-0.0001999999999999988	0.011500000000000003	18.053375196232345	0.0637	0.0522
450	152	344	0.02997560125479261	0	1	0.3851826383385141	6	-0.3807173561610061	0	1.0	16.0	3	16.0	1	16.0	2	233	0.5539	-0.13121785714285714	-0.0005000000000000004	0.014499999999999999	19.07894736842105	0.076	0.0615
361	40	70	0.08974358974358974	0	1	0.45431372549019605	4	-0.5748672082001266	0	1.0	16.0	3	16.0	0	16.0	3	46	0.4995	-0.07846825396825399	-9.99999999999994e-05	0.012900000000000002	31.617647058823533	0.0408	0.0279
207	53	343	0.24891146589259797	0	3	0.26783142704582646	5	0.05241945129335968	0	0.1	11.0	3	11.0	3	11.0	3	602	0.2304	-0.06111904761904762	-0.0015999999999999973	0.008099999999999996	14.889705882352935	0.0544	0.0463
642	17	52	0.38235294117647056	0	3	0.5455564043799338	3	-0.3955703051727871	0	0.1	11.0	3	11.0	3	11.0	3	45	0.3086	-0.05353928571428572	-0.00020000000000000573	0.008500000000000008	7.713248638838483	0.1102	0.1017
40	135	383	0.04234383637368712	0	1	0.40412769567244966	7	-0.41835886225433716	0	1.0	11.0	3	11.0	3	11.0	3	314	0.49799999999999994	-0.13108809523809523	-0.0012000000000000066	0.012700000000000003	17.02412868632708	0.0746	0.0619
577	26	119	0.36615384615384616	0	1	0.6566153858842593	4	0.042272690880947913	0	1.0	16.0	2	16.0	2	16.0	2	284	0.2986	-0.06862619047619048	-0.0011000000000000038	0.0068000000000000005	11.409395973154362	0.0596	0.0528
370	81	171	0.05277777777777778	0	1	0.34375776104312417	8	-0.3921903575232621	0	1.0	14.0	1	14.0	3	14.0	3	106	0.5647	-0.1480293650793651	-0.0007000000000000062	0.015600000000000003	25.161290322580648	0.062	0.0464
206	53	343	0.24891146589259797	0	3	0.26783142704582646	5	0.05241945129335968	0	0.01	12.0	2	12.0	3	12.0	3	602	0.1953	-0.07879583333333334	-0.001799999999999996	0.035500000000000004	30.367835757057314	0.1169	0.0814
324	110	273	0.04553794829024187	0	1	0.6991490593492693	9	-0.4106429451798197	0	1.0	14.0	3	14.0	2	14.0	2	233	0.5969	-0.1719706349206349	-0.0004000000000000045	0.0138	26.900584795321635	0.0513	0.0375
58	79	199	0.06458941901979877	0	1	0.6203616315776157	5	-0.45917979340562387	0	1.0	14.0	3	14.0	2	14.0	2	165	0.507	-0.11184841269841266	-0.0010000000000000009	0.0172	29.70639032815199	0.0579	0.0407
57	90	213	0.05318352059925094	0	1	0.5770925982754699	4	-0.5772478863053432	0	1.0	14.0	3	14.0	1	14.0	3	186	0.5184	-0.0988722222222222	-0.0010000000000000009	0.014799999999999994	23.052959501557623	0.0642	0.0494
495	30	71	0.1632183908045977	0	1	0.6693961593961594	5	-0.4850333909624055	0	1.0	14.0	2	14.0	3	14.0	2	62	0.5185	-0.1288265873015873	-0.000899999999999998	0.0143	28.486055776892428	0.0502	0.0359
51	213	684	0.03029497741163965	0	1	0.3664639103760037	6	-0.41557801107125253	0	1.0	16.0	1	16.0	3	16.0	2	1114	3.5531	-0.1322576	-0.0011999999999999997	0.010599999999999991	15.340086830680164	0.0691	0.0585
859	5	7	0.7	0	2	0.39999999999999997	2	-0.1666666666666666	0	0.001	12.0	3	12.0	3	12.0	2	2	0.3325	-0.03620166666666669	-0.0007999999999999952	0.017799999999999983	10.113636363636354	0.176	0.1582
477	20	47	0.24736842105263157	0	1	0.7463636363636363	6	-0.23933649289099532	0	1.0	16.0	2	16.0	3	16.0	1	44	0.5534	-0.13757222222222223	-0.00010000000000000286	0.010599999999999998	21.588594704684315	0.0491	0.0385
70	135	362	0.04002211166390271	0	1	0.40194794606558687	6	-0.5070076383717068	0	1.0	16.0	1	16.0	2	16.0	3	306	0.5181	-0.11376031746031748	-0.00010000000000000286	0.013400000000000002	20.647149460708786	0.0649	0.0515
97	118	229	0.0331739823265247	0	1	0.2370257033547141	4	-0.6356865494735809	0	1.0	14.0	2	14.0	3	14.0	2	168	0.5609000000000001	-0.11005714285714284	-0.00010000000000000286	0.0138	24.083769633507853	0.0573	0.0435
520	112	203	0.03265765765765766	0	1	0.3764434007868882	11	-0.18987508850167073	0	1.0	11.0	3	11.0	3	11.0	3	99	0.6494	-0.20706904761904762	-9.99999999999994e-05	0.0204	41.04627766599598	0.0497	0.0293
138	36	187	0.2968253968253968	0	2	0.5413481785704009	3	-0.5184817653399805	0	0.1	20.0	0	20.0	3	20.0	2	478	0.27690000000000003	-0.09394637681159422	-0.0021000000000000046	0.008800000000000002	13.353566009104709	0.0659	0.0571
52	98	229	0.04818009678098043	0	1	0.3233215763828009	7	-0.3725264382067723	0	1.0	14.0	2	14.0	2	14.0	3	133	0.019100000000000006	-0.006240476190476192	-0.00030000000000000165	nan	nan	nan	0.0509
